Precio(USD),m2_cubiertos,m2_totales,BARRIO,USD_m2
80000,45,45,LINIERS,1777
62000,40,40,LINIERS,1550
80000,47,47,FLORES,1702
90000,48,48,LINIERS,1875
115000,52,52,VILLA CRESPO,2211
60000,37,37,LINIERS,1621
210000,120,120,PARQUE AVELLANEDA,1750
90000,55,55,BALVANERA,1636
169000,90,90,SAN CRISTOBAL,1877
69000,30,30,VILLA ORTUZAR,2300
118000,73,73,MONTE CASTRO,1616
125000,78,78,VILLA LURO,1602
123000,41,41,CABALLITO,3000
120000,53,53,VERSALLES,2264
119000,48,48,VILLA DEL PARQUE,2479
87000,42,42,PALERMO,2071
83000,48,48,SAN CRISTOBAL,1729
67000,32,32,MONTE CASTRO,2093
78900,39,39,VILLA LURO,2023
154000,56,56,VILLA DEL PARQUE,2750
40300,21,21,BALVANERA,1919
85000,37,37,SAN NICOLAS,2297
59500,43,43,SAN NICOLAS,1383
53000,35,35,BALVANERA,1514
125000,54,54,PARQUE CHAS,2314
155000,67,67,PARQUE CHAS,2313
135000,67,67,PARQUE CHAS,2014
215000,56,56,LAS CAÑITAS,3839
240000,99,99,BARRACAS,2424
82500,54,54,SAN NICOLAS,1527
70000,54,54,SAN NICOLAS,1296
150000,115,115,SAN NICOLAS,1304
140000,45,45,COGHLAN,3111
235000,110,110,LAS CAÑITAS,2136
650000,136,136,NUÑEZ,4779
350000,170,170,COGHLAN,2058
90000,36,36,ALMAGRO,2500
115000,44,44,SAN CRISTOBAL,2613
125000,52,52,PALERMO,2403
85000,41,41,FLORES,2073
95000,30,30,RECOLETA,3166
220000,90,90,PALERMO,2444
140000,67,67,CHACARITA,2089
97000,32,32,RECOLETA,3031
120000,44,44,NUÑEZ,2727
162000,63,63,BELGRANO,2571
59000,38,38,BALVANERA,1552
179500,97,97,RECOLETA,1850
74900,41,41,RETIRO,1826
75000,32,32,VILLA DEVOTO,2343
89000,40,40,RECOLETA,2225
80000,37,37,COLEGIALES,2162
83000,39,39,PALERMO,2128
80000,37,37,VILLA ORTUZAR,2162
155000,79,79,BELGRANO,1962
158000,88,88,SAAVEDRA,1795
129500,60,60,PALERMO,2158
130000,60,60,PALERMO,2166
55000,40,40,SAN TELMO,1375
115000,59,59,RECOLETA,1949
175000,82,82,CABALLITO,2134
112000,55,55,CABALLITO,2036
55000,29,29,RETIRO,1896
240000,86,86,BELGRANO,2790
99000,35,35,RECOLETA,2828
79000,51,51,VILLA CRESPO,1549
150000,55,55,RECOLETA,2727
125000,60,60,PALERMO,2083
80000,48,48,BOEDO,1666
85000,42,42,BELGRANO,2023
139000,63,63,PALERMO,2206
260000,102,102,PALERMO,2549
239000,115,115,CABALLITO,2078
73000,50,50,FLORES,1460
63000,42,42,FLORES,1500
110000,69,69,VERSALLES,1594
189000,63,63,RECOLETA,3000
210000,77,77,ALMAGRO,2727
102500,61,61,ALMAGRO,1680
127900,50,50,CABALLITO,2558
59900,25,25,FLORES,2396
75000,30,30,PALERMO,2500
206364,101,101,BALVANERA,2043
50000,34,34,BALVANERA,1470
101000,55,55,BALVANERA,1836
108148,54,54,BALVANERA,2002
103958,49,49,BALVANERA,2121
73549,39,39,BALVANERA,1885
98000,41,41,CONSTITUCION,2390
210000,76,76,CONSTITUCION,2763
83000,52,52,BALVANERA,1596
108000,41,41,CONSTITUCION,2634
210000,99,99,BALVANERA,2121
99000,80,80,BALVANERA,1237
57900,29,29,ALMAGRO,1996
135000,42,42,LINIERS,3214
73000,33,33,ALMAGRO,2212
78000,34,34,ALMAGRO,2294
73000,32,32,LINIERS,2281
85000,29,29,VILLA URQUIZA,2931
125000,40,40,RECOLETA,3125
240000,136,136,ALMAGRO,1764
183000,95,95,CABALLITO,1926
238000,115,115,RETIRO,2069
83000,41,41,BOEDO,2024
395000,200,200,CABALLITO,1975
68000,36,36,SAN CRISTOBAL,1888
151000,62,62,BELGRANO,2435
225000,98,98,BARRACAS,2295
890000,217,217,RETIRO,4101
89000,25,25,PALERMO,3560
75000,34,34,CABALLITO,2205
69900,64,64,FLORES,1092
73000,35,35,ALMAGRO,2085
79000,54,54,FLORES,1462
85000,37,37,CABALLITO,2297
90000,40,40,VILLA GENERAL MITRE,2250
105000,52,52,VILLA DEL PARQUE,2019
110000,51,51,PATERNAL,2156
39000,32,32,SAN TELMO,1218
89000,58,58,FLORESTA,1534
110000,52,52,VILLA URQUIZA,2115
170000,81,81,PALERMO,2098
55000,21,21,LINIERS,2619
265000,107,107,VILLA LURO,2476
140000,54,54,LINIERS,2592
195000,76,76,LINIERS,2565
105000,60,60,VERSALLES,1750
70000,38,38,LINIERS,1842
95000,55,55,LINIERS,1727
100000,50,50,LINIERS,2000
199000,80,80,PALERMO,2487
80000,43,43,PARQUE AVELLANEDA,1860
110000,65,65,VILLA DEL PARQUE,1692
190000,48,48,PALERMO,3958
58000,38,38,SAN CRISTOBAL,1526
63648,29,29,BALVANERA,2194
144000,47,47,BARRACAS,3063
75000,40,40,VILLA GENERAL MITRE,1875
87000,47,47,VILLA GENERAL MITRE,1851
167740,77,77,BALVANERA,2178
93000,48,48,SAN NICOLAS,1937
92000,41,41,CONSTITUCION,2243
190000,68,68,LINIERS,2794
75000,40,40,LINIERS,1875
120000,40,40,VILLA LURO,3000
120000,66,66,LINIERS,1818
89000,56,56,LINIERS,1589
73500,39,39,VILLA ORTUZAR,1884
74000,39,39,VILLA ORTUZAR,1897
78900,55,55,CABALLITO,1434
80000,56,56,AGRONOMIA,1428
185000,79,79,RECOLETA,2341
80000,45,45,VILLA DEL PARQUE,1777
80000,58,58,VILLA URQUIZA,1379
216000,80,80,SAAVEDRA,2700
81000,40,40,VILLA DEL PARQUE,2025
79500,45,45,VILLA DEL PARQUE,1766
305000,110,110,VILLA URQUIZA,2772
130000,48,48,PALERMO,2708
79000,38,38,VILLA URQUIZA,2078
179000,90,90,SAAVEDRA,1988
117000,40,40,VILLA URQUIZA,2925
230000,90,90,RECOLETA,2555
84100,39,39,MONTE CASTRO,2156
94000,49,49,PARQUE CHAS,1918
120000,45,45,PARQUE CHAS,2666
380000,107,107,VILLA LURO,3551
120000,78,78,VILLA LURO,1538
120000,65,65,CABALLITO,1846
170000,98,98,BALVANERA,1734
130000,46,46,NUÑEZ,2826
100000,37,37,NUÑEZ,2702
89500,43,43,CABALLITO,2081
220000,120,120,BELGRANO,1833
170000,58,58,BELGRANO,2931
340000,141,141,BELGRANO,2411
80000,56,56,VILLA CRESPO,1428
185000,62,62,NUÑEZ,2983
130000,40,40,NUÑEZ,3250
130000,58,58,CONSTITUCION,2241
180000,78,78,SAN CRISTOBAL,2307
70000,42,42,FLORESTA,1666
109900,62,62,BALVANERA,1772
239000,54,54,BELGRANO,4425
85000,46,46,SAN NICOLAS,1847
230000,70,70,PALERMO,3285
550000,195,195,BELGRANO,2820
410000,148,148,RECOLETA,2770
216000,88,88,VILLA CRESPO,2454
350000,117,117,BELGRANO,2991
156000,43,43,RECOLETA,3627
130000,40,40,VILLA CRESPO,3250
2290000,404,404,PALERMO,5668
450000,192,192,SAN NICOLAS,2343
240000,107,107,PALERMO,2242
1390000,271,271,RETIRO,5129
950000,262,262,RECOLETA,3625
350000,131,131,BELGRANO,2671
220000,92,92,VILLA CRESPO,2391
57000,36,36,SAN NICOLAS,1583
185000,112,112,RETIRO,1651
68000,29,29,SAN NICOLAS,2344
45000,21,21,SAN NICOLAS,2142
48000,32,32,SAN NICOLAS,1500
98000,70,70,MONSERRAT,1400
75000,32,32,SAN NICOLAS,2343
153000,61,61,VILLA URQUIZA,2508
122000,40,40,RECOLETA,3050
195000,54,54,PALERMO,3611
115000,40,40,RECOLETA,2875
68000,24,24,RECOLETA,2833
65000,39,39,CABALLITO,1666
230000,105,105,VERSALLES,2190
109000,70,70,VILLA LURO,1557
135000,67,67,ALMAGRO,2014
159000,84,84,VILLA LURO,1892
215000,77,77,CABALLITO,2792
215000,64,64,BELGRANO,3359
70500,28,28,BELGRANO,2517
220000,73,73,BELGRANO,3013
120000,34,34,BELGRANO,3529
59000,30,30,MONSERRAT,1966
122850,39,39,COLEGIALES,3150
228000,62,62,COLEGIALES,3677
182000,56,56,COLEGIALES,3250
363000,110,110,COLEGIALES,3300
475000,121,121,COLEGIALES,3925
490000,160,160,COLEGIALES,3062
480000,160,160,PALERMO,3000
350000,93,93,LAS CAÑITAS,3763
85000,31,31,RECOLETA,2741
199000,70,70,LAS CAÑITAS,2842
330000,122,122,SAAVEDRA,2704
428000,170,170,COLEGIALES,2517
480540,171,171,COLEGIALES,2810
206000,87,87,COLEGIALES,2367
70000,56,56,MONSERRAT,1250
110000,39,39,VILLA URQUIZA,2820
240000,70,70,VILLA URQUIZA,3428
340000,92,92,NUÑEZ,3695
119800,64,64,VILLA CRESPO,1871
110000,40,40,VILLA URQUIZA,2750
335000,103,103,RECOLETA,3252
590000,151,151,BELGRANO,3907
330000,104,104,PALERMO,3173
68000,30,30,RETIRO,2266
2400000,430,430,RETIRO,5581
850000,414,414,RECOLETA,2053
415000,152,152,RETIRO,2730
990000,331,331,RETIRO,2990
1050000,370,370,RETIRO,2837
300000,87,87,PALERMO,3448
930000,245,245,PALERMO,3795
165000,86,86,LAS CAÑITAS,1918
430000,150,150,RECOLETA,2866
148055,47,47,NUÑEZ,3150
350000,100,100,RECOLETA,3500
180000,43,43,RECOLETA,4186
77100,34,34,PALERMO,2267
185000,87,87,SAN TELMO,2126
83500,35,35,VILLA URQUIZA,2385
151000,61,61,VILLA URQUIZA,2475
153000,61,61,VILLA URQUIZA,2508
170000,100,100,PARQUE PATRICIOS,1700
249000,60,60,RECOLETA,4150
131000,62,62,SAAVEDRA,2112
69500,30,30,VILLA URQUIZA,2316
140000,100,100,SAAVEDRA,1400
150000,57,57,BELGRANO,2631
59500,41,41,FLORES,1451
170000,62,62,PALERMO,2741
110000,43,43,PALERMO,2558
115000,68,68,PALERMO,1691
175000,68,68,PALERMO,2573
165000,73,73,PALERMO,2260
340000,89,89,COLEGIALES,3820
210000,60,60,NUÑEZ,3500
54500,27,27,CONSTITUCION,2018
109000,33,33,LAS CAÑITAS,3303
80000,70,70,MONSERRAT,1142
199500,85,85,CABALLITO,2347
59000,38,38,VILLA CRESPO,1552
89000,46,46,VILLA URQUIZA,1934
273000,166,166,FLORES,1644
54900,40,40,BALVANERA,1372
35000,31,31,VILLA CRESPO,1129
180000,83,83,ALMAGRO,2168
135000,89,89,VILLA CRESPO,1516
100000,41,41,RECOLETA,2439
70000,80,80,SAN NICOLAS,875
180000,66,66,PALERMO,2727
280000,119,119,PALERMO,2352
139000,64,64,PALERMO,2171
259000,108,108,PALERMO,2398
115000,52,52,CABALLITO,2211
115000,72,72,CABALLITO,1597
200000,93,93,CABALLITO,2150
165000,66,66,VILLA PUEYRREDON,2500
83000,45,45,CONSTITUCION,1844
179000,64,64,COLEGIALES,2796
138000,95,95,CONSTITUCION,1452
185000,95,95,VILLA URQUIZA,1947
158000,76,76,CABALLITO,2078
237000,86,86,VILLA URQUIZA,2755
360000,88,88,PALERMO,4090
300000,110,110,VILLA URQUIZA,2727
260000,89,89,RECOLETA,2921
375000,62,62,BELGRANO,6048
230000,45,45,LAS CAÑITAS,5111
135000,46,46,LAS CAÑITAS,2934
109500,64,64,CABALLITO,1710
160000,48,48,COLEGIALES,3333
205000,87,87,BELGRANO,2356
123000,65,65,BALVANERA,1892
59000,30,30,VILLA CRESPO,1966
230000,117,117,CABALLITO,1965
120000,160,160,CABALLITO,750
66000,40,40,SAN NICOLAS,1650
73000,42,42,SAN NICOLAS,1738
180000,58,58,PALERMO,3103
219000,90,90,ALMAGRO,2433
175000,74,74,CABALLITO,2364
127000,76,76,FLORES,1671
165000,64,64,BELGRANO,2578
135000,41,41,CABALLITO,3292
450000,197,197,FLORES,2284
118000,150,150,LINIERS,786
139000,48,48,PALERMO,2895
439000,204,204,CABALLITO,2151
132000,48,48,VILLA CRESPO,2750
129500,78,78,CABALLITO,1660
59000,35,35,FLORES,1685
82000,44,44,CABALLITO,1863
82000,35,35,VILLA URQUIZA,2342
76000,39,39,PALERMO,1948
64500,45,45,CABALLITO,1433
80000,73,73,PARQUE PATRICIOS,1095
435150,97,97,PALERMO,4486
245000,120,120,RECOLETA,2041
70000,42,42,ALMAGRO,1666
70050,42,42,ALMAGRO,1667
40001,30,30,MATADEROS,1333
850000,271,271,RECOLETA,3136
198000,65,65,NUÑEZ,3046
187000,60,60,RECOLETA,3116
376000,153,153,PALERMO,2457
80000,30,30,NUÑEZ,2666
280000,80,80,COLEGIALES,3500
145000,54,54,CABALLITO,2685
81900,50,50,VILLA CRESPO,1638
180000,50,50,LAS CAÑITAS,3600
650000,120,120,BELGRANO,5416
73500,33,33,CABALLITO,2227
110000,45,45,BELGRANO,2444
75000,36,36,CONSTITUCION,2083
74700,36,36,CONSTITUCION,2075
63000,27,27,CONSTITUCION,2333
60000,27,27,CONSTITUCION,2222
205000,82,82,BELGRANO,2500
66500,27,27,CONSTITUCION,2462
154000,87,87,VILLA CRESPO,1770
79900,50,50,CABALLITO,1598
190000,79,79,CABALLITO,2405
65000,43,43,FLORESTA,1511
92000,32,32,PARQUE CHACABUCO,2875
149000,90,90,CABALLITO,1655
67000,29,29,ALMAGRO,2310
85000,63,63,PARQUE AVELLANEDA,1349
120000,55,55,LINIERS,2181
128000,53,53,FLORES,2415
178000,70,70,FLORESTA,2542
110000,45,45,LINIERS,2444
179000,183,183,MATADEROS,978
500000,319,319,RECOLETA,1567
450000,157,157,BELGRANO,2866
72000,30,30,PALERMO,2400
92000,40,40,VILLA SANTA RITA,2300
140000,32,32,RETIRO,4375
249000,77,77,RECOLETA,3233
1750000,390,390,PALERMO,4487
480000,135,135,PALERMO,3555
69000,42,42,ALMAGRO,1642
230000,62,62,CABALLITO,3709
245000,65,65,CABALLITO,3769
92000,51,51,FLORES,1803
65000,31,31,BALVANERA,2096
135000,63,63,MONTE CASTRO,2142
85000,58,58,FLORESTA,1465
150000,92,92,MONTE CASTRO,1630
160000,74,74,PALERMO,2162
300000,112,112,PALERMO,2678
70000,41,41,RECOLETA,1707
277000,108,108,PALERMO,2564
105000,44,44,PALERMO,2386
199000,68,68,LAS CAÑITAS,2926
220000,116,116,CABALLITO,1896
245000,167,167,VILLA ORTUZAR,1467
750000,254,254,PALERMO,2952
260000,100,100,BELGRANO,2600
25000,40,40,VILLA SOLDATI,625
40000,80,80,VILLA SOLDATI,500
27000,60,60,VILLA SOLDATI,450
28000,60,60,VILLA SOLDATI,466
134000,45,45,RECOLETA,2977
33000,60,60,VILLA SOLDATI,550
90000,40,40,PARQUE CHACABUCO,2250
38000,36,36,VELEZ SARSFIELD,1055
55000,55,55,VELEZ SARSFIELD,1000
65000,38,38,BALVANERA,1710
670000,98,98,PALERMO,6836
77000,34,34,PALERMO,2264
90000,50,50,LINIERS,1800
205000,305,305,LINIERS,672
310000,127,127,VILLA CRESPO,2440
180000,87,87,PALERMO,2068
300000,140,140,BELGRANO,2142
48000,37,37,MONSERRAT,1297
79900,45,45,CABALLITO,1775
149000,78,78,CABALLITO,1910
279900,89,89,COLEGIALES,3144
249000,90,90,CABALLITO,2766
57000,31,31,VILLA DEVOTO,1838
255000,73,73,CABALLITO,3493
52000,37,37,SAN TELMO,1405
207000,81,81,CABALLITO,2555
165000,78,78,ALMAGRO,2115
183000,70,70,FLORES,2614
84900,39,39,COLEGIALES,2176
188000,76,76,VILLA URQUIZA,2473
59000,28,28,MONSERRAT,2107
217200,120,120,MONTE CASTRO,1810
149900,60,60,COGHLAN,2498
67000,33,33,BELGRANO,2030
135000,52,52,VILLA URQUIZA,2596
118450,56,56,MONTE CASTRO,2115
75000,42,42,BELGRANO,1785
199000,65,65,NUÑEZ,3061
370000,116,116,VILLA URQUIZA,3189
340000,140,140,CONSTITUCION,2428
129115,60,60,BALVANERA,2151
132000,58,58,SAN TELMO,2275
187000,78,78,PALERMO,2397
70000,40,40,SAN NICOLAS,1750
79000,60,60,BALVANERA,1316
233000,98,98,PALERMO,2377
87000,41,41,VILLA LURO,2121
55000,40,40,LINIERS,1375
70000,44,44,BOEDO,1590
59000,29,29,RETIRO,2034
95000,37,37,RECOLETA,2567
85000,45,45,CHACARITA,1888
95000,46,46,BELGRANO,2065
217000,87,87,RECOLETA,2494
115000,55,55,VILLA SANTA RITA,2090
89000,25,25,PALERMO,3560
360000,341,341,MATADEROS,1055
40000,22,22,LINIERS,1818
60000,27,27,LINIERS,2222
150000,70,70,LINIERS,2142
70000,35,35,LINIERS,2000
130000,127,127,LINIERS,1023
85000,48,48,BOEDO,1770
195000,88,88,RECOLETA,2215
235000,85,85,BELGRANO,2764
65000,27,27,BELGRANO,2407
89000,38,38,BELGRANO,2342
200000,151,151,BALVANERA,1324
135000,78,78,PALERMO,1730
80000,47,47,BELGRANO,1702
200000,73,73,PALERMO,2739
42000,19,19,ALMAGRO,2210
970000,211,211,BELGRANO,4597
53000,24,24,CONSTITUCION,2208
60000,23,23,PALERMO,2608
99000,50,50,CABALLITO,1980
97000,47,47,PARQUE PATRICIOS,2063
133000,74,74,PARQUE AVELLANEDA,1797
59592,29,29,BALVANERA,2054
105550,54,54,BALVANERA,1954
70000,50,50,VILLA GENERAL MITRE,1400
55000,25,25,FLORES,2200
40000,32,32,CONSTITUCION,1250
195000,68,68,CABALLITO,2867
125000,62,62,CABALLITO,2016
70000,36,36,CABALLITO,1944
110000,49,49,BALVANERA,2244
135000,63,63,VILLA LURO,2142
53209,38,38,VILLA CRESPO,1400
80000,40,40,CABALLITO,2000
63000,35,35,LINIERS,1800
133000,73,73,PARQUE AVELLANEDA,1821
157000,94,94,PARQUE AVELLANEDA,1670
85000,30,30,VILLA LURO,2833
72000,40,40,LINIERS,1800
260000,92,92,VILLA URQUIZA,2826
82900,39,39,COLEGIALES,2125
54900,40,40,SAN TELMO,1372
80000,36,36,VILLA PUEYRREDON,2222
199000,130,130,SAAVEDRA,1530
158000,70,70,VILLA CRESPO,2257
80545,52,52,VILLA CRESPO,1548
85000,52,52,CONSTITUCION,1634
39000,27,27,FLORES,1444
125000,60,60,LINIERS,2083
159000,88,88,SAAVEDRA,1806
184500,78,78,RECOLETA,2365
225000,82,82,SAAVEDRA,2743
114900,45,45,VILLA URQUIZA,2553
215000,79,79,SAAVEDRA,2721
70000,45,45,BOCA,1555
115000,45,45,VILLA URQUIZA,2555
119000,70,70,VILLA CRESPO,1700
62000,35,35,SAN TELMO,1771
130000,52,52,VILLA URQUIZA,2500
74000,34,34,BELGRANO,2176
95000,43,43,SAAVEDRA,2209
380000,160,160,PALERMO,2375
139000,80,80,CHACARITA,1737
80000,49,49,VILLA GENERAL MITRE,1632
142358,60,60,BALVANERA,2372
76145,34,34,BALVANERA,2239
60783,28,28,BALVANERA,2170
130000,40,40,VILLA URQUIZA,3250
128000,43,43,NUÑEZ,2976
150000,88,88,CABALLITO,1704
350000,125,125,NUÑEZ,2800
81000,39,39,BELGRANO,2076
79000,34,34,PARQUE CHAS,2323
68500,49,49,BALVANERA,1397
50900,28,28,VILLA GENERAL MITRE,1817
175000,83,83,CABALLITO,2108
170000,344,344,PARQUE AVELLANEDA,494
99000,34,34,BELGRANO,2911
130000,63,63,COGHLAN,2063
105000,77,77,VILLA URQUIZA,1363
75000,42,42,ALMAGRO,1785
154000,88,88,VILLA URQUIZA,1750
75000,47,47,VILLA URQUIZA,1595
129000,56,56,BELGRANO,2303
172000,97,97,ALMAGRO,1773
68000,32,32,PALERMO,2125
56000,30,30,MONSERRAT,1866
130000,83,83,CABALLITO,1566
310000,91,91,BELGRANO,3406
295000,120,120,FLORES,2458
88000,32,32,FLORES,2750
135000,65,65,VILLA GENERAL MITRE,2076
70000,58,58,SAN CRISTOBAL,1206
58000,24,24,CABALLITO,2416
115000,56,56,MONSERRAT,2053
400000,90,90,PUERTO MADERO,4444
110000,45,45,CABALLITO,2444
99000,42,42,SAN TELMO,2357
275000,102,102,BARRACAS,2696
750000,217,217,RETIRO,3456
395000,130,130,PALERMO,3038
78000,27,27,RECOLETA,2888
75000,58,58,CHACARITA,1293
135000,54,54,VILLA PUEYRREDON,2500
415000,124,124,COLEGIALES,3346
90000,54,54,COLEGIALES,1666
68000,35,35,VILLA DEVOTO,1942
73000,43,43,POMPEYA,1697
95000,55,55,VILLA GENERAL MITRE,1727
165000,66,66,CABALLITO,2500
120000,45,45,FLORES,2666
110000,48,48,COLEGIALES,2291
223000,84,84,VILLA URQUIZA,2654
90000,45,45,VILLA DEL PARQUE,2000
238000,86,86,RECOLETA,2767
430000,83,83,RECOLETA,5180
560000,154,154,COLEGIALES,3636
140000,46,46,PALERMO,3043
127000,55,55,MONTE CASTRO,2309
198000,79,79,RECOLETA,2506
885000,193,193,PALERMO,4585
795000,196,196,PALERMO,4056
99500,47,47,ALMAGRO,2117
680000,258,258,CABALLITO,2635
179000,105,105,CABALLITO,1704
154000,77,77,CABALLITO,2000
87000,56,56,CABALLITO,1553
93800,46,46,ALMAGRO,2039
108000,47,47,FLORES,2297
207000,112,112,ALMAGRO,1848
168000,92,92,CABALLITO,1826
120000,50,50,ALMAGRO,2400
478000,222,222,BELGRANO,2153
920000,280,280,BELGRANO,3285
59000,28,28,BALVANERA,2107
154000,54,54,NUÑEZ,2851
97332,40,40,ALMAGRO,2433
90135,37,37,ALMAGRO,2436
98066,40,40,ALMAGRO,2451
40100,30,30,MATADEROS,1336
435000,97,97,PALERMO,4484
45500,65,65,MATADEROS,700
77200,34,34,PALERMO,2270
135000,62,62,FLORES,2177
115000,74,74,FLORESTA,1554
117000,49,49,CHACARITA,2387
60000,34,34,VELEZ SARSFIELD,1764
114000,65,65,FLORES,1753
139000,67,67,NUÑEZ,2074
74000,40,40,BELGRANO,1850
389000,175,175,BELGRANO,2222
435100,97,97,PALERMO,4485
435050,97,97,PALERMO,4485
70100,42,42,ALMAGRO,1669
138000,39,39,ALMAGRO,3538
119000,35,35,PALERMO,3400
228000,71,71,RECOLETA,3211
190000,44,44,PALERMO,4318
75000,38,38,MONSERRAT,1973
86000,46,46,FLORES,1869
87000,49,49,FLORES,1775
88000,49,49,FLORES,1795
100000,65,65,CABALLITO,1538
149000,70,70,CABALLITO,2128
324000,135,135,CABALLITO,2400
286000,120,120,CABALLITO,2383
280000,77,77,COLEGIALES,3636
207000,107,107,CABALLITO,1934
76000,38,38,ALMAGRO,2000
84000,43,43,CABALLITO,1953
295000,154,154,CABALLITO,1915
77000,41,41,COLEGIALES,1878
68900,52,52,PARQUE PATRICIOS,1325
65000,31,31,CABALLITO,2096
235000,108,108,NUÑEZ,2175
179000,72,72,CABALLITO,2486
344000,160,160,COLEGIALES,2150
134000,70,70,NUÑEZ,1914
130000,70,70,SAAVEDRA,1857
122900,45,45,BELGRANO,2731
38000,27,27,COGHLAN,1407
141120,36,36,PALERMO,3920
49000,26,26,BALVANERA,1884
40000,27,27,MONSERRAT,1481
95000,58,58,BALVANERA,1637
200000,92,92,PALERMO,2173
225000,68,68,PALERMO,3308
180000,68,68,PALERMO,2647
130000,70,70,LINIERS,1857
115000,45,45,RECOLETA,2555
115000,47,47,PALERMO,2446
750000,170,170,PALERMO,4411
405000,120,120,COLEGIALES,3375
84000,39,39,ALMAGRO,2153
222000,85,85,PARQUE CHACABUCO,2611
230000,86,86,CABALLITO,2674
385000,114,114,CABALLITO,3377
325000,132,132,LAS CAÑITAS,2462
79200,36,36,CONSTITUCION,2200
70000,27,27,CONSTITUCION,2592
64800,27,27,CONSTITUCION,2400
155000,74,74,RETIRO,2094
190000,48,48,LAS CAÑITAS,3958
239000,113,113,VILLA DEVOTO,2115
73080,36,36,CONSTITUCION,2030
244000,113,113,VILLA DEVOTO,2159
122000,34,34,NUÑEZ,3588
88000,30,30,SAN NICOLAS,2933
72000,28,28,RETIRO,2571
218000,76,76,SAN NICOLAS,2868
900000,205,205,RETIRO,4390
50000,35,35,VELEZ SARSFIELD,1428
108000,48,48,ALMAGRO,2250
325000,115,115,LAS CAÑITAS,2826
190000,61,61,PALERMO,3114
250000,102,102,BALVANERA,2450
160000,68,68,NUÑEZ,2352
100000,62,62,MONSERRAT,1612
470000,94,94,PALERMO,5000
93000,49,49,PALERMO,1897
345000,165,165,RETIRO,2090
148000,55,55,COGHLAN,2690
158000,60,60,BELGRANO,2633
47000,70,70,BALVANERA,671
2000000,326,326,PALERMO,6134
190000,107,107,PALERMO,1775
110000,51,51,MONSERRAT,2156
100000,39,39,PALERMO,2564
108000,43,43,BALVANERA,2511
200000,155,155,PALERMO,1290
70000,35,35,NUÑEZ,2000
110000,59,59,NUÑEZ,1864
135000,50,50,VILLA URQUIZA,2700
570000,202,202,RETIRO,2821
330000,175,175,RECOLETA,1885
115000,40,40,NUÑEZ,2875
75000,39,39,BALVANERA,1923
570000,197,197,MONSERRAT,2893
120000,38,38,RECOLETA,3157
98000,35,35,PALERMO,2800
373000,45,45,LAS CAÑITAS,8288
1400000,512,512,RECOLETA,2734
198000,47,47,RECOLETA,4212
120000,42,42,RECOLETA,2857
116000,54,54,CABALLITO,2148
102000,56,56,CABALLITO,1821
179000,104,104,VILLA CRESPO,1721
88000,40,40,CABALLITO,2200
630000,200,200,BELGRANO,3150
990000,216,216,LAS CAÑITAS,4583
228000,82,82,COLEGIALES,2780
155215,73,73,BELGRANO,2126
209905,62,62,BELGRANO,3385
118950,39,39,COLEGIALES,3050
149000,91,91,CABALLITO,1637
119000,44,44,NUÑEZ,2704
105000,73,73,SAN NICOLAS,1438
48000,45,45,MONSERRAT,1066
269000,78,78,BELGRANO,3448
140000,49,49,RECOLETA,2857
219000,138,138,VILLA CRESPO,1586
93000,50,50,FLORES,1860
459000,110,110,BELGRANO,4172
15000,40,40,BOCA,375
249000,210,210,COGHLAN,1185
670100,107,107,PALERMO,6262
129000,120,120,SAN NICOLAS,1075
40000,30,30,MATADEROS,1333
45555,65,65,MATADEROS,700
55000,35,35,LINIERS,1571
79000,85,85,LINIERS,929
99000,63,63,VILLA LURO,1571
150000,68,68,SAN NICOLAS,2205
129000,68,68,MATADEROS,1897
66000,40,40,MONSERRAT,1650
200000,68,68,PALERMO,2941
79500,90,90,FLORES,883
70000,33,33,RECOLETA,2121
75000,36,36,FLORES,2083
82500,41,41,CABALLITO,2012
90000,33,33,CABALLITO,2727
85000,36,36,CABALLITO,2361
66500,36,36,FLORES,1847
375000,162,162,CABALLITO,2314
74000,29,29,CABALLITO,2551
86000,36,36,CABALLITO,2388
63000,29,29,CABALLITO,2172
159000,90,90,CABALLITO,1766
96000,34,34,CABALLITO,2823
98000,41,41,CABALLITO,2390
329000,145,145,VILLA URQUIZA,2268
115000,70,70,CABALLITO,1642
59000,25,25,RECOLETA,2360
123000,84,84,FLORES,1464
115000,45,45,VILLA CRESPO,2555
250000,150,150,FLORES,1666
93000,55,55,FLORESTA,1690
155000,102,102,BALVANERA,1519
255000,95,95,VILLA URQUIZA,2684
88000,40,40,VILLA URQUIZA,2200
79000,38,38,LINIERS,2078
145000,54,54,SAAVEDRA,2685
90000,37,37,CHACARITA,2432
175000,89,89,COLEGIALES,1966
117000,42,42,PALERMO,2785
95000,74,74,SAN TELMO,1283
170000,290,290,MONSERRAT,586
110000,82,82,FLORESTA,1341
145000,77,77,VELEZ SARSFIELD,1883
100000,50,50,LINIERS,2000
70000,38,38,VILLA DEVOTO,1842
185000,122,122,VILLA LURO,1516
65000,28,28,MONTE CASTRO,2321
110000,49,49,RECOLETA,2244
100000,33,33,PALERMO,3030
2300000,410,410,LAS CAÑITAS,5609
190000,97,97,PALERMO,1958
245000,109,109,BELGRANO,2247
1380000,400,400,BELGRANO,3450
720000,155,155,RECOLETA,4645
950000,243,243,PALERMO,3909
995000,266,266,PALERMO,3740
122484,55,55,PALERMO,2226
320000,118,118,RETIRO,2711
50000,31,31,BELGRANO,1612
75000,45,45,SAN NICOLAS,1666
75000,45,45,MONSERRAT,1666
119000,66,66,SAN CRISTOBAL,1803
125000,60,60,PALERMO,2083
82000,42,42,SAN NICOLAS,1952
99000,50,50,CABALLITO,1980
105000,46,46,PALERMO,2282
450000,330,330,RECOLETA,1363
230000,75,75,BELGRANO,3066
93000,50,50,CABALLITO,1860
200000,101,101,VILLA LURO,1980
259000,120,120,BELGRANO,2158
360000,83,83,PALERMO,4337
1500000,220,220,PALERMO,6818
83000,52,52,VILLA DEL PARQUE,1596
240000,75,75,RETIRO,3200
250000,56,56,BELGRANO,4464
645000,151,151,PALERMO,4271
195000,65,65,COLEGIALES,3000
215000,81,81,PALERMO,2654
139000,43,43,PALERMO,3232
156000,46,46,PALERMO,3391
157560,43,43,PALERMO,3664
198000,60,60,PALERMO,3300
329000,104,104,RECOLETA,3163
210000,80,80,PALERMO,2625
185000,80,80,PALERMO,2312
153400,44,44,PALERMO,3486
167000,44,44,PALERMO,3795
179558,55,55,PALERMO,3264
130000,72,72,CABALLITO,1805
60000,23,23,SAN NICOLAS,2608
160000,56,56,PALERMO,2857
399000,133,133,PALERMO,3000
86000,47,47,PALERMO,1829
1190000,250,250,PALERMO,4760
169000,49,49,PALERMO,3448
149000,50,50,VILLA URQUIZA,2980
215000,122,122,VILLA CRESPO,1762
385000,92,92,LAS CAÑITAS,4184
149000,56,56,BELGRANO,2660
540000,125,125,LAS CAÑITAS,4320
90000,50,50,ALMAGRO,1800
179000,72,72,COLEGIALES,2486
98000,51,51,COLEGIALES,1921
315000,151,151,PALERMO,2086
285000,105,105,BELGRANO,2714
610000,162,162,COLEGIALES,3765
179000,75,75,BELGRANO,2386
115481,34,34,PALERMO,3396
110023,34,34,PALERMO,3235
125000,38,38,PALERMO,3289
160000,69,69,COLEGIALES,2318
99000,35,35,PALERMO,2828
85000,38,38,CHACARITA,2236
198000,105,105,VILLA DEL PARQUE,1885
98000,64,64,PARQUE AVELLANEDA,1531
180000,74,74,BOEDO,2432
118000,49,49,BOEDO,2408
127000,49,49,BOEDO,2591
87000,38,38,COLEGIALES,2289
195000,81,81,BELGRANO,2407
105000,35,35,CABALLITO,3000
180000,82,82,FLORES,2195
595000,180,180,CABALLITO,3305
85000,38,38,FLORES,2236
150000,70,70,BALVANERA,2142
75000,28,28,SAN NICOLAS,2678
42000,24,24,BALVANERA,1750
92000,40,40,BELGRANO,2300
55000,42,42,SAN CRISTOBAL,1309
49000,50,50,VILLA LUGANO,980
69000,29,29,RECOLETA,2379
43000,20,20,BALVANERA,2150
120000,90,90,PARQUE CHACABUCO,1333
73000,34,34,PALERMO,2147
295000,80,80,VILLA URQUIZA,3687
350000,200,200,SAN CRISTOBAL,1750
92000,44,44,ALMAGRO,2090
175000,78,78,LAS CAÑITAS,2243
149000,48,48,LAS CAÑITAS,3104
165000,48,48,LAS CAÑITAS,3437
122000,44,44,BELGRANO,2772
149000,73,73,BELGRANO,2041
98000,54,54,NUÑEZ,1814
156000,59,59,PALERMO,2644
266000,76,76,LAS CAÑITAS,3500
125000,56,56,COLEGIALES,2232
185000,71,71,PALERMO,2605
135000,57,57,BALVANERA,2368
55000,32,32,MONSERRAT,1718
64000,37,37,FLORES,1729
87000,43,43,VILLA DEL PARQUE,2023
185000,66,66,PALERMO,2803
89000,40,40,BELGRANO,2225
119000,79,79,SAAVEDRA,1506
130000,55,55,LINIERS,2363
100300,59,59,LINIERS,1700
78000,53,53,FLORES,1471
139000,52,52,CABALLITO,2673
500000,133,133,CABALLITO,3759
240000,78,78,CABALLITO,3076
135000,60,60,CABALLITO,2250
160000,54,54,FLORESTA,2962
250000,148,148,VILLA DEL PARQUE,1689
110000,38,38,PARQUE CHACABUCO,2894
110000,63,63,VELEZ SARSFIELD,1746
50000,34,34,BALVANERA,1470
140000,67,67,VELEZ SARSFIELD,2089
135000,45,45,FLORES,3000
148000,67,67,VELEZ SARSFIELD,2208
165000,63,63,CABALLITO,2619
90000,74,74,FLORES,1216
95000,48,48,FLORESTA,1979
76900,49,49,MONTE CASTRO,1569
16700,35,35,FLORESTA,477
76000,40,40,MONTE CASTRO,1900
318000,128,128,VILLA URQUIZA,2484
79500,41,41,VILLA DEVOTO,1939
299000,100,100,VILLA URQUIZA,2990
109000,46,46,VILLA DEVOTO,2369
139000,63,63,VILLA PUEYRREDON,2206
245000,137,137,BALVANERA,1788
145000,65,65,CABALLITO,2230
125000,60,60,PALERMO,2083
69900,33,33,CABALLITO,2118
87000,32,32,PALERMO,2718
200000,64,64,BELGRANO,3125
225000,74,74,COLEGIALES,3040
109000,53,53,COLEGIALES,2056
149000,79,79,BELGRANO,1886
80000,35,35,ALMAGRO,2285
79900,50,50,SAN CRISTOBAL,1598
139000,41,41,LAS CAÑITAS,3390
299000,110,110,BELGRANO,2718
135000,60,60,PALERMO,2250
56000,26,26,ALMAGRO,2153
115000,56,56,BOEDO,2053
140000,61,61,PARQUE CHACABUCO,2295
90000,100,100,POMPEYA,900
95000,138,138,POMPEYA,688
83000,44,44,LINIERS,1886
130000,85,85,POMPEYA,1529
80000,40,40,POMPEYA,2000
70000,56,56,POMPEYA,1250
57000,45,45,POMPEYA,1266
135000,36,36,ALMAGRO,3750
55000,24,24,SAN NICOLAS,2291
169000,57,57,PALERMO,2964
145000,52,52,BELGRANO,2788
310000,126,126,BELGRANO,2460
100000,44,44,BELGRANO,2272
364000,101,101,NUÑEZ,3603
147000,38,38,BELGRANO,3868
135000,44,44,BELGRANO,3068
189000,72,72,COLEGIALES,2625
440000,188,188,BELGRANO,2340
150000,78,78,CABALLITO,1923
75000,57,57,CABALLITO,1315
148000,48,48,VILLA CRESPO,3083
79000,48,48,CABALLITO,1645
65000,35,35,ALMAGRO,1857
110000,39,39,RECOLETA,2820
149000,44,44,PALERMO,3386
149000,46,46,PALERMO,3239
190400,60,60,PALERMO,3173
380000,163,163,PALERMO,2331
279000,110,110,PALERMO,2536
146000,59,59,PALERMO,2474
129000,57,57,PALERMO,2263
114000,38,38,COLEGIALES,3000
134000,61,61,LAS CAÑITAS,2196
128000,57,57,PALERMO,2245
90000,37,37,LAS CAÑITAS,2432
98000,51,51,BELGRANO,1921
235000,86,86,LAS CAÑITAS,2732
99500,38,38,BELGRANO,2618
530000,183,183,BELGRANO,2896
115000,40,40,NUÑEZ,2875
199000,75,75,PALERMO,2653
153000,75,75,LAS CAÑITAS,2040
139000,46,46,COLEGIALES,3021
175000,44,44,PALERMO,3977
179000,67,67,COLEGIALES,2671
265000,90,90,BELGRANO,2944
99500,36,36,COLEGIALES,2763
102000,36,36,BELGRANO,2833
104000,40,40,BELGRANO,2600
138000,53,53,BELGRANO,2603
113000,36,36,BELGRANO,3138
125000,84,84,BELGRANO,1488
360000,62,62,PALERMO,5806
143000,74,74,NUÑEZ,1932
150000,80,80,NUÑEZ,1875
94000,39,39,NUÑEZ,2410
138000,85,85,NUÑEZ,1623
109000,38,38,NUÑEZ,2868
126000,40,40,NUÑEZ,3150
105000,51,51,BELGRANO,2058
119000,43,43,NUÑEZ,2767
115000,58,58,BELGRANO,1982
155000,42,42,BELGRANO,3690
160000,49,49,LAS CAÑITAS,3265
115000,37,37,LAS CAÑITAS,3108
129000,43,43,COLEGIALES,3000
560000,162,162,LAS CAÑITAS,3456
640000,191,191,LAS CAÑITAS,3350
695000,218,218,LAS CAÑITAS,3188
260000,69,69,COGHLAN,3768
650000,267,267,PALERMO,2434
139000,42,42,BELGRANO,3309
560000,118,118,PALERMO,4745
145000,72,72,BARRACAS,2013
131250,68,68,BARRACAS,1930
95000,37,37,BARRACAS,2567
90000,43,43,BARRACAS,2093
86000,43,43,BARRACAS,2000
85000,58,58,CONSTITUCION,1465
95000,39,39,BARRACAS,2435
110000,51,51,BARRACAS,2156
210000,85,85,BARRACAS,2470
250000,94,94,BARRACAS,2659
125000,52,52,BARRACAS,2403
98000,43,43,CABALLITO,2279
79000,42,42,BARRACAS,1880
62000,57,57,BARRACAS,1087
575000,178,178,BARRACAS,3230
400000,168,168,RECOLETA,2380
165000,83,83,BARRACAS,1987
550000,486,486,BARRACAS,1131
320000,110,110,BARRACAS,2909
82000,46,46,VELEZ SARSFIELD,1782
210000,81,81,PALERMO,2592
227000,79,79,PALERMO,2873
217000,89,89,PALERMO,2438
279000,148,148,PALERMO,1885
174000,54,54,PALERMO,3222
99000,45,45,PALERMO,2200
295000,72,72,PALERMO,4097
69000,46,46,PALERMO,1500
98000,38,38,COLEGIALES,2578
210000,98,98,VILLA URQUIZA,2142
1800000,404,404,PALERMO,4455
165000,55,55,COLEGIALES,3000
179000,74,74,COLEGIALES,2418
250000,85,85,CHACARITA,2941
580000,200,200,LAS CAÑITAS,2900
184000,105,105,RECOLETA,1752
199000,83,83,COLEGIALES,2397
100000,45,45,COLEGIALES,2222
266000,85,85,BELGRANO,3129
183000,60,60,CHACARITA,3050
210000,73,73,CABALLITO,2876
85000,50,50,VILLA CRESPO,1700
101500,40,40,CABALLITO,2537
100500,40,40,CABALLITO,2512
98500,46,46,CABALLITO,2141
111000,48,48,CABALLITO,2312
110000,48,48,CABALLITO,2291
109000,48,48,CABALLITO,2270
209000,90,90,CABALLITO,2322
115500,70,70,BOEDO,1650
140000,64,64,CABALLITO,2187
180000,60,60,FLORES,3000
125000,47,47,PALERMO,2659
120000,31,31,PALERMO,3870
479000,151,151,VILLA URQUIZA,3172
125000,46,46,VILLA URQUIZA,2717
168000,51,51,VILLA URQUIZA,3294
420000,130,130,ALMAGRO,3230
198000,90,90,VILLA URQUIZA,2200
150000,61,61,VILLA URQUIZA,2459
138000,70,70,VILLA URQUIZA,1971
138000,75,75,VILLA DEL PARQUE,1840
330000,139,139,FLORES,2374
75000,45,45,FLORES,1666
135000,82,82,RECOLETA,1646
147000,68,68,CABALLITO,2161
150000,55,55,PARQUE CHACABUCO,2727
240000,90,90,CABALLITO,2666
85000,40,40,BOEDO,2125
149000,46,46,CABALLITO,3239
180000,66,66,CABALLITO,2727
110000,43,43,CABALLITO,2558
313000,115,115,CABALLITO,2721
90000,45,45,PARQUE CHACABUCO,2000
125000,50,50,VILLA URQUIZA,2500
139900,81,81,VILLA URQUIZA,1727
123000,52,52,VILLA URQUIZA,2365
98000,38,38,VILLA URQUIZA,2578
109000,66,66,VILLA URQUIZA,1651
105000,77,77,SAN CRISTOBAL,1363
115000,60,60,ALMAGRO,1916
220000,105,105,PALERMO,2095
180000,80,80,PARQUE CHAS,2250
200000,80,80,PALERMO,2500
180000,72,72,VILLA ORTUZAR,2500
140000,62,62,VERSALLES,2258
123000,92,92,FLORES,1336
170000,61,61,BARRACAS,2786
220000,102,102,BALVANERA,2156
210000,90,90,PARQUE CHACABUCO,2333
85000,43,43,ALMAGRO,1976
205000,55,55,PALERMO,3727
215000,65,65,NUÑEZ,3307
380000,150,150,LAS CAÑITAS,2533
120000,58,58,SAN NICOLAS,2068
249000,83,83,RETIRO,3000
83000,43,43,BOEDO,1930
315000,100,100,PALERMO,3150
77000,31,31,SAN NICOLAS,2483
149000,60,60,CABALLITO,2483
219000,82,82,CABALLITO,2670
163000,61,61,CABALLITO,2672
230000,87,87,CABALLITO,2643
103000,60,60,CABALLITO,1716
138000,42,42,CABALLITO,3285
122000,38,38,VILLA CRESPO,3210
148000,59,59,FLORES,2508
110000,39,39,VILLA CRESPO,2820
48000,22,22,SAN NICOLAS,2181
145000,70,70,CABALLITO,2071
80000,29,29,SAN NICOLAS,2758
82500,33,33,NUÑEZ,2500
50350,19,19,NUÑEZ,2650
108540,64,64,PALERMO,1695
128790,57,57,PALERMO,2259
84800,32,32,PALERMO,2650
250000,95,95,BELGRANO,2631
130000,68,68,FLORES,1911
124900,46,48,PALERMO,2715
76000,37,47,CABALLITO,2054
496000,127,236,BELGRANO,3905
129000,54,54,RETIRO,2388
330000,88,122,BELGRANO,3750
138000,56,77,COGHLAN,2464
44500,30,30,PARQUE CHACABUCO,1483
280000,118,124,BARRIO NORTE,2372
150000,59,60,VILLA URQUIZA,2542
129000,47,50,PALERMO,2744
92000,52,58,VILLA URQUIZA,1769
159000,65,77,BELGRANO,2446
105000,52,61,PALERMO,2019
179000,48,54,RECOLETA,3729
130000,47,51,BALVANERA,2765
197000,84,91,RECOLETA,2345
44500,30,30,BOEDO,1483
75000,52,54,VELEZ SARSFIELD,1442
135000,68,68,BELGRANO,1985
219000,62,71,PALERMO,3532
345000,76,85,PALERMO,4539
159000,58,69,COLEGIALES,2741
135000,68,68,NUÑEZ,1985
135000,68,68,COGHLAN,1985
159000,58,69,CHACARITA,2741
130000,44,47,SAAVEDRA,2954
248000,73,115,BELGRANO,3397
76000,37,47,BOEDO,2054
150000,55,67,VILLA CRESPO,2727
392000,109,190,BELGRANO,3596
218000,62,102,BELGRANO,3516
168000,54,63,BELGRANO,3111
290000,61,75,BELGRANO,4754
480000,93,105,BELGRANO,5161
104500,31,35,PALERMO,3370
104500,31,35,RECOLETA,3370
80000,29,33,COLEGIALES,2758
118000,60,60,RETIRO,1966
66900,33,37,BELGRANO,2027
80000,32,32,BALVANERA,2500
58500,27,27,RETIRO,2166
42000,25,25,FLORES,1680
118000,60,60,SAN NICOLAS,1966
97000,35,39,BELGRANO,2771
70000,25,28,COLEGIALES,2800
289000,155,155,BARRIO NORTE,1864
185000,85,85,RECOLETA,2176
66000,27,27,PALERMO,2444
230000,200,200,CENTRO / MICROCENTRO,1150
95000,49,58,VILLA LURO,1938
95000,49,58,VILLA LURO,1938
149800,104,104,ONCE,1440
149800,104,104,BALVANERA,1440
418000,152,174,FLORES,2750
145000,60,98,FLORESTA,2416
230000,200,200,TRIBUNALES,1150
100000,45,45,VILLA LURO,2222
140000,48,48,VILLA URQUIZA,2916
119000,45,45,VILLA LURO,2644
232000,105,105,LINIERS,2209
110000,36,42,BELGRANO,3055
175000,62,67,PALERMO,2822
325000,123,181,BELGRANO,2642
75000,40,51,VILLA CRESPO,1875
80000,45,58,MONTE CASTRO,1777
80000,30,37,LINIERS,2666
79000,50,50,LINIERS,1580
150000,80,80,FLORESTA,1875
390000,212,212,RETIRO,1839
280000,55,55,PALERMO,5090
198000,84,84,RETIRO,2357
98000,110,110,BALVANERA,890
163800,55,55,VILLA URQUIZA,2978
168000,45,45,RECOLETA,3733
720000,160,180,BELGRANO,4500
85000,66,66,VILLA DEVOTO,1287
148000,68,68,CABALLITO,2176
90000,44,44,BELGRANO,2045
93000,49,49,ALMAGRO,1897
445000,80,80,PALERMO,5562
170000,52,52,VILLA URQUIZA,3269
114000,45,45,LINIERS,2533
90000,48,48,VILLA CRESPO,1875
690000,188,188,BELGRANO,3670
260000,160,160,VILLA DEL PARQUE,1625
178000,65,65,ALMAGRO,2738
215000,93,93,SAAVEDRA,2311
205000,116,116,SAN TELMO,1767
60000,30,30,BOEDO,2000
160000,83,83,CABALLITO,1927
155000,71,71,PALERMO,2183
300000,74,74,RECOLETA,4054
130000,65,65,ALMAGRO,2000
320000,213,213,BELGRANO,1502
79000,56,56,VILLA DEL PARQUE,1410
68900,30,30,NUÑEZ,2296
90000,70,70,FLORESTA,1285
185000,88,88,PARQUE PATRICIOS,2102
105000,55,55,PARQUE PATRICIOS,1909
95000,70,70,SAN TELMO,1357
249000,128,128,VILLA CRESPO,1945
180000,81,81,PALERMO,2222
115000,58,58,VILLA DEVOTO,1982
95000,48,48,ALMAGRO,1979
124900,61,61,CENTRO / MICROCENTRO,2047
960000,150,150,PALERMO,6400
130000,60,60,PALERMO,2166
590000,167,167,PALERMO,3532
155000,78,78,SAN TELMO,1987
175000,70,70,SAN TELMO,2500
118000,85,85,CABALLITO,1388
210000,63,63,RECOLETA,3333
180000,146,146,CENTRO / MICROCENTRO,1232
99000,82,82,BALVANERA,1207
325000,110,110,PALERMO,2954
85000,48,48,SAN NICOLAS,1770
120000,46,46,RECOLETA,2608
1250000,280,280,PALERMO,4464
89000,49,49,VILLA DEL PARQUE,1816
145000,67,67,CABALLITO,2164
120000,77,77,FLORESTA,1558
94000,54,54,BALVANERA,1740
520000,280,280,RECOLETA,1857
135000,33,33,LAS CAÑITAS,4090
135000,72,72,PARQUE PATRICIOS,1875
104900,40,40,PALERMO,2622
215000,69,69,CENTRO / MICROCENTRO,3115
560000,146,146,PALERMO,3835
80000,44,44,POMPEYA,1818
175000,70,70,VILLA URQUIZA,2500
166000,63,63,BELGRANO,2634
89000,46,46,VILLA DEVOTO,1934
135000,45,45,VILLA URQUIZA,3000
250000,109,109,VILLA URQUIZA,2293
152000,56,56,VILLA URQUIZA,2714
165000,63,63,PALERMO,2619
165000,63,63,BELGRANO,2619
66560,27,27,PALERMO,2465
300000,74,74,PALERMO,4054
144900,55,55,VILLA URQUIZA,2634
137126,59,59,VILLA URQUIZA,2324
265000,74,74,PALERMO,3581
116532,42,42,PALERMO,2774
166000,78,78,PALERMO,2128
66560,32,32,PALERMO,2080
395000,161,161,VILLA URQUIZA,2453
165000,65,65,VILLA URQUIZA,2538
495000,187,187,VILLA URQUIZA,2647
255000,98,98,VILLA URQUIZA,2602
135000,55,55,BELGRANO,2454
135000,60,60,ALMAGRO,2250
89000,32,32,ALMAGRO,2781
125000,55,55,PALERMO,2272
165000,57,63,PALERMO,2894
104500,63,54,VILLA DEVOTO,1658
238000,48,59,BELGRANO,4958
116000,56,60,NUÑEZ,2071
195000,70,75,NUÑEZ,2785
159500,49,64,PALERMO,3255
161500,49,64,PALERMO,3295
398000,130,130,PALERMO,3061
85000,50,50,VILLA GENERAL MITRE,1700
85000,50,50,FLORES,1700
198000,190,190,VILLA URQUIZA,1042
127000,56,56,VILLA URQUIZA,2267
59000,50,50,CONGRESO,1180
90000,39,39,BELGRANO,2307
74000,31,31,FLORES,2387
290000,110,147,LINIERS,2636
250000,108,120,ONCE,2314
160000,65,65,VILLA URQUIZA,2461
139000,86,86,PARQUE CHACABUCO,1616
140000,58,58,VILLA LURO,2413
265000,75,75,VILLA URQUIZA,3533
42000,55,55,VILLA LUGANO,763
70000,42,42,SAN TELMO,1666
60000,49,49,CENTRO / MICROCENTRO,1224
140000,60,60,BALVANERA,2333
250000,81,81,PALERMO,3086
250000,86,86,BELGRANO,2906
189126,79,79,SAAVEDRA,2394
193000,45,45,PALERMO,4288
98358,49,49,RECOLETA,2007
349000,80,80,PALERMO,4362
105000,60,60,CONSTITUCION,1750
105000,60,60,MONSERRAT,1750
135000,70,70,PATERNAL,1928
139900,51,51,PALERMO,2743
175000,54,54,VILLA URQUIZA,3240
115000,49,49,BELGRANO,2346
590000,210,210,VILLA URQUIZA,2809
162000,64,64,VILLA URQUIZA,2531
159000,73,73,VILLA PUEYRREDON,2178
115000,50,50,PALERMO,2300
179000,88,88,VILLA URQUIZA,2034
134126,59,59,VILLA URQUIZA,2273
75000,54,60,SAN CRISTOBAL,1388
83000,54,57,FLORES,1537
128000,60,67,SAN CRISTOBAL,2133
98800,42,46,VILLA URQUIZA,2352
85000,40,71,FLORES,2125
114000,32,34,VILLA URQUIZA,3562
58000,33,38,VILLA CRESPO,1757
121000,43,59,FLORES,2813
195000,90,108,VILLA CRESPO,2166
225000,64,80,BELGRANO,3515
68000,41,44,VILLA URQUIZA,1658
220000,95,99,CABALLITO,2315
275000,63,83,PALERMO,4365
175000,82,89,PALERMO,2134
189900,85,94,VILLA CRESPO,2234
315000,88,99,NUÑEZ,3579
103000,69,69,PARQUE PATRICIOS,1492
114900,60,74,BARRIO NORTE,1915
68000,49,52,MATADEROS,1387
210000,47,124,COLEGIALES,4468
175000,74,100,VILLA URQUIZA,2364
99900,39,45,CABALLITO,2561
55000,53,56,VILLA LUGANO,1037
210000,95,104,RECOLETA,2210
74000,50,56,PARQUE CHACABUCO,1480
179000,116,188,FLORESTA,1543
110000,41,45,ALMAGRO,2682
175000,100,113,ALMAGRO,1750
85000,49,51,ALMAGRO,1734
429500,148,162,CABALLITO,2902
165000,65,68,BALVANERA,2538
102000,40,45,NUÑEZ,2550
149000,44,50,PALERMO,3386
165000,61,89,PALERMO,2704
105000,53,53,BELGRANO,1981
128000,45,45,PALERMO,2844
113400,50,57,BARRACAS,2268
395000,82,82,PUERTO MADERO,4817
130000,55,55,VILLA URQUIZA,2363
160000,60,60,PALERMO,2666
115000,40,40,LINIERS,2875
92000,106,106,FLORES,867
116000,48,48,MATADEROS,2416
119900,50,50,BELGRANO,2398
199000,60,77,PALERMO,3316
1200000,300,304,PALERMO,4000
65000,71,71,MONSERRAT,915
210000,138,183,SAN NICOLAS,1521
79900,39,42,VILLA URQUIZA,2048
139900,60,65,PALERMO,2331
74000,36,42,VILLA CRESPO,2055
155000,53,59,PALERMO,2924
395000,108,116,BELGRANO,3657
165000,53,59,PALERMO,3113
194500,62,74,SAAVEDRA,3137
110000,65,65,BALVANERA,1692
69000,40,40,MONTE CASTRO,1725
98000,47,56,MONTE CASTRO,2085
158000,59,62,PALERMO,2677
64000,38,38,VILLA DEL PARQUE,1684
200000,75,87,VILLA PUEYRREDON,2666
240000,83,93,ALMAGRO,2891
35000,42,84,POMPEYA,833
170000,131,131,MONSERRAT,1297
110000,46,49,VILLA URQUIZA,2391
650000,120,167,BELGRANO,5416
85000,52,55,LINIERS,1634
97100,49,59,PARQUE CHAS,1981
59000,30,30,BALVANERA,1966
235000,127,135,BELGRANO,1850
79000,32,40,NUÑEZ,2468
215000,97,98,BARRIO NORTE,2216
115000,60,60,CABALLITO,1916
229000,84,100,VILLA URQUIZA,2726
125000,53,68,VILLA DEL PARQUE,2358
155000,67,67,ALMAGRO,2313
99000,50,58,VILLA DEVOTO,1980
149500,59,62,SAN TELMO,2533
100000,65,65,BARRACAS,1538
170000,72,72,RECOLETA,2361
220000,81,85,PALERMO,2716
51900,26,26,PALERMO,1996
178000,59,115,COLEGIALES,3016
73000,46,46,LINIERS,1586
69900,43,47,VILLA CRESPO,1625
130000,81,82,SAN NICOLAS,1604
158000,63,73,LINIERS,2507
140000,51,54,BELGRANO,2745
75000,38,38,NUÑEZ,1973
135000,38,41,PALERMO,3552
330000,134,146,PALERMO,2462
179000,59,68,VILLA URQUIZA,3033
96000,62,62,CONGRESO,1548
104900,50,55,BELGRANO,2098
57900,30,30,COLEGIALES,1930
699000,228,228,PALERMO,3065
160000,77,81,BELGRANO,2077
68000,29,31,PALERMO,2344
280000,90,115,PALERMO,3111
145000,56,79,VILLA URQUIZA,2589
249900,84,98,FLORES,2975
95950,45,49,CABALLITO,2132
150000,75,84,BOEDO,2000
150000,61,63,NUÑEZ,2459
159500,61,67,ALMAGRO,2614
149000,46,48,PALERMO,3239
240000,76,123,VILLA URQUIZA,3157
84000,47,47,PALERMO,1787
545000,193,213,PALERMO,2823
119000,51,61,VILLA CRESPO,2333
95000,54,58,BALVANERA,1759
123000,65,66,VILLA DEVOTO,1892
235000,87,103,BELGRANO,2701
460000,85,97,PUERTO MADERO,5411
55000,30,37,FLORESTA,1833
156000,60,63,VILLA LURO,2600
125000,35,39,VILLA URQUIZA,3571
140000,73,77,VILLA CRESPO,1917
95000,36,38,CABALLITO,2638
147000,84,84,CABALLITO,1750
57000,50,50,VILLA LUGANO,1140
75000,51,51,ALMAGRO,1470
33000,47,51,SAAVEDRA,702
85000,34,37,VILLA URQUIZA,2500
121000,46,54,NUÑEZ,2630
147900,55,63,VILLA DEL PARQUE,2689
150000,95,102,SAN NICOLAS,1578
79000,53,56,MONTE CASTRO,1490
90000,85,91,ONCE,1058
60000,38,41,MONSERRAT,1578
210000,38,85,BELGRANO,5526
130000,87,87,SAN TELMO,1494
119500,51,51,PALERMO,2343
140000,83,92,FLORESTA,1686
140000,83,92,MONTE CASTRO,1686
145000,70,73,FLORES,2071
150000,99,99,BALVANERA,1515
115000,99,99,BALVANERA,1161
100000,71,77,BALVANERA,1408
92000,60,69,VILLA CRESPO,1533
225000,100,106,PALERMO,2250
240000,70,74,PALERMO,3428
155000,43,43,RECOLETA,3604
91800,39,56,FLORES,2353
599000,254,316,RETIRO,2358
208000,102,110,VILLA CRESPO,2039
250000,100,106,RECOLETA,2500
69000,55,55,PARQUE PATRICIOS,1254
245000,94,98,NUÑEZ,2606
138000,50,83,PALERMO,2760
109900,58,64,FLORES,1894
167300,90,120,VILLA URQUIZA,1858
64900,45,45,BALVANERA,1442
140000,44,96,CABALLITO,3181
548000,150,200,COLEGIALES,3653
55000,31,31,BALVANERA,1774
105000,45,45,CABALLITO,2333
117000,37,42,VILLA DEVOTO,3162
120000,48,59,COGHLAN,2500
119000,51,67,VILLA URQUIZA,2333
315000,126,140,FLORES,2500
149000,91,107,FLORES,1637
360000,86,86,PALERMO,4186
90000,105,105,RETIRO,857
420000,118,139,PALERMO,3559
80000,40,44,CHACARITA,2000
169000,60,83,BELGRANO,2816
140000,43,48,PALERMO,3255
52000,57,57,VILLA LUGANO,912
250000,77,115,PALERMO,3246
59900,39,41,PARQUE CHACABUCO,1535
99000,78,78,RETIRO,1269
189900,73,73,PALERMO,2601
115000,60,60,BARRIO NORTE,1916
139000,56,60,PARQUE CHAS,2482
155000,70,76,RECOLETA,2214
114800,52,54,PALERMO,2207
510000,82,151,PALERMO,6219
264000,71,120,BARRACAS,3718
123000,104,125,VILLA CRESPO,1182
99900,47,47,VILLA DEL PARQUE,2125
249000,99,99,BELGRANO,2515
395000,118,118,PALERMO,3347
179000,80,84,SAN TELMO,2237
99900,82,84,FLORES,1218
189244,69,76,NUÑEZ,2742
158997,59,73,CHACARITA,2694
110000,110,114,BALVANERA,1000
184000,43,71,BELGRANO,4279
95000,48,52,PARQUE CHAS,1979
165000,58,61,ALMAGRO,2844
76000,63,66,BOCA,1206
79500,37,37,BOEDO,2148
159000,75,82,PALERMO,2120
195000,66,79,BELGRANO,2954
315000,122,137,VILLA URQUIZA,2581
125000,63,71,SAN CRISTOBAL,1984
149000,78,88,ALMAGRO,1910
980000,205,398,VILLA DEL PARQUE,4780
179000,99,105,BARRACAS,1808
245000,154,156,BALVANERA,1590
200000,70,75,BELGRANO,2857
180000,64,69,VILLA URQUIZA,2812
485000,130,150,BELGRANO,3730
55000,31,32,BELGRANO,1774
149000,45,54,VILLA URQUIZA,3311
240000,103,117,PALERMO,2330
89000,33,39,PALERMO,2696
76000,42,44,VILLA CRESPO,1809
83000,47,47,PALERMO,1765
245000,84,119,NUÑEZ,2916
105000,53,66,CABALLITO,1981
115000,46,78,PARQUE CHACABUCO,2500
195000,90,98,BARRIO NORTE,2166
95000,61,61,FLORES,1557
90000,45,60,SAN CRISTOBAL,2000
99500,52,52,PALERMO,1913
149000,55,63,VILLA DEL PARQUE,2709
89000,42,47,FLORES,2119
60000,43,45,BALVANERA,1395
229000,61,72,PALERMO,3754
499000,164,164,BELGRANO,3042
69000,43,46,VILLA SANTA RITA,1604
230000,38,85,BELGRANO,6052
143000,53,60,VILLA URQUIZA,2698
520000,75,79,PALERMO,6933
169000,75,75,COLEGIALES,2253
164000,61,70,PALERMO,2688
168000,71,74,PALERMO,2366
104000,48,55,CABALLITO,2166
140000,72,102,BALVANERA,1944
140000,70,73,CABALLITO,2000
140000,70,73,FLORES,2000
195000,95,97,RECOLETA,2052
115000,50,50,NUÑEZ,2300
127000,53,60,NUÑEZ,2396
114000,38,38,BELGRANO,3000
85000,47,47,PATERNAL,1808
109900,51,52,FLORES,2154
110000,50,50,PALERMO,2200
225000,75,100,PALERMO,3000
195000,68,68,BELGRANO,2867
79000,44,49,RECOLETA,1795
188000,70,72,CABALLITO,2685
179900,76,88,VILLA DEL PARQUE,2367
81000,43,43,CABALLITO,1883
770000,159,171,BELGRANO,4842
55000,39,39,FLORESTA,1410
240000,123,123,CABALLITO,1951
414900,92,108,PALERMO,4509
165000,76,78,RECOLETA,2171
80000,30,33,BELGRANO,2666
90000,39,39,PALERMO,2307
90000,72,76,CABALLITO,1250
159000,115,115,FLORES,1382
49000,28,28,SAN CRISTOBAL,1750
127000,39,46,COLEGIALES,3256
75000,48,48,BALVANERA,1562
91000,69,78,BALVANERA,1318
159000,42,48,VILLA DEL PARQUE,3785
164000,63,64,PALERMO,2603
62900,33,33,MONSERRAT,1906
125000,60,63,CABALLITO,2083
179900,77,88,MONTE CASTRO,2336
157000,112,137,VILLA CRESPO,1401
85000,41,46,VILLA DEL PARQUE,2073
157000,57,98,VILLA GENERAL MITRE,2754
143000,68,75,VILLA CRESPO,2102
57000,37,37,FLORESTA,1540
60000,22,22,CABALLITO,2727
120000,70,70,PALERMO,1714
590000,188,205,RETIRO,3138
74900,29,56,CABALLITO,2582
89000,39,43,VILLA URQUIZA,2282
143000,76,85,PALERMO,1881
70000,35,42,SAAVEDRA,2000
115000,78,81,BALVANERA,1474
179000,77,88,VILLA CRESPO,2324
185000,60,75,PALERMO,3083
125000,55,58,PALERMO,2272
155500,54,62,BELGRANO,2879
145000,66,73,BELGRANO,2196
120000,45,47,COLEGIALES,2666
179000,56,64,COGHLAN,3196
260000,70,90,NUÑEZ,3714
158000,60,66,BELGRANO,2633
140000,146,290,SAN TELMO,958
140000,146,290,MONSERRAT,958
99000,53,53,VILLA DEL PARQUE,1867
240000,114,127,NUÑEZ,2105
84000,43,47,LINIERS,1953
139000,45,47,BELGRANO,3088
139000,47,49,BELGRANO,2957
134900,58,60,BELGRANO,2325
550000,154,154,PALERMO,3571
315000,155,183,CABALLITO,2032
124900,57,76,BELGRANO,2191
105000,59,60,ALMAGRO,1779
115000,50,57,BOEDO,2300
126000,60,66,VILLA URQUIZA,2100
205000,60,64,VILLA URQUIZA,3416
110000,67,68,SAN NICOLAS,1641
139900,85,90,PARQUE CHACABUCO,1645
980000,145,155,PALERMO,6758
150000,69,76,BARRACAS,2173
149900,80,80,PALERMO,1873
119000,46,50,COGHLAN,2586
89900,59,65,VILLA ORTUZAR,1523
115000,38,38,BARRIO NORTE,3026
598000,230,230,RECOLETA,2600
100000,53,58,VILLA DEL PARQUE,1886
195000,75,79,CABALLITO,2600
320000,62,68,PUERTO MADERO,5161
580000,172,199,BELGRANO,3372
200000,66,71,BELGRANO,3030
520000,121,127,PALERMO,4297
539000,102,102,PALERMO,5284
150000,42,50,PALERMO,3571
270000,103,103,RECOLETA,2621
159000,49,57,NUÑEZ,3244
490000,138,150,PALERMO,3550
114000,100,103,BALVANERA,1140
270000,96,124,NUÑEZ,2812
94000,28,34,BELGRANO,3357
85990,39,45,CABALLITO,2204
124000,75,81,VILLA PUEYRREDON,1653
380000,110,117,RECOLETA,3454
395000,100,108,VILLA DEVOTO,3950
1200000,303,405,VILLA DEVOTO,3960
112900,52,52,BELGRANO,2171
104000,63,63,SAN CRISTOBAL,1650
131000,34,36,RECOLETA,3852
60000,27,27,PALERMO,2222
105000,58,74,PARQUE PATRICIOS,1810
74000,42,42,VERSALLES,1761
150000,77,80,RECOLETA,1948
195000,61,73,ALMAGRO,3196
230000,100,105,PALERMO,2300
400000,150,163,RECOLETA,2666
195000,67,77,COLEGIALES,2910
78000,40,43,FLORES,1950
209000,74,95,NUÑEZ,2824
74000,50,56,PARQUE CHACABUCO,1480
158000,60,60,RETIRO,2633
140000,42,44,BELGRANO,3333
105000,46,49,ALMAGRO,2282
195000,58,66,NUÑEZ,3362
230000,88,88,PALERMO,2613
167000,62,62,BELGRANO,2693
200000,99,105,BELGRANO,2020
150000,80,87,NUÑEZ,1875
220000,80,91,NUÑEZ,2750
85000,53,60,SAN CRISTOBAL,1603
280000,96,118,PUERTO MADERO,2916
58000,37,37,CABALLITO,1567
899000,185,202,RECOLETA,4859
35900,23,23,BALVANERA,1560
730000,313,375,BELGRANO,2332
378000,111,148,CABALLITO,3405
37900,31,33,ONCE,1222
155000,60,60,BELGRANO,2583
139200,41,47,BARRIO NORTE,3395
94000,66,75,MONTE CASTRO,1424
690000,128,139,BELGRANO,5390
425000,114,158,CABALLITO,3728
85000,38,41,VILLA URQUIZA,2236
125000,58,61,BARRIO NORTE,2155
165000,56,67,SAAVEDRA,2946
105000,38,103,BELGRANO,2763
239000,103,103,RECOLETA,2320
235000,58,76,NUÑEZ,4051
185364,68,78,NUÑEZ,2725
44000,31,31,BALVANERA,1419
132000,65,65,ALMAGRO,2030
47000,32,37,SAN TELMO,1468
107000,45,50,PALERMO,2377
78000,59,63,MATADEROS,1322
140000,48,69,ALMAGRO,2916
135000,48,65,VILLA PUEYRREDON,2812
110000,43,51,SAAVEDRA,2558
105000,44,49,VILLA URQUIZA,2386
150000,58,62,VILLA URQUIZA,2586
12945,34,41,VILLA CRESPO,380
420000,88,109,PALERMO,4772
184000,53,61,VILLA URQUIZA,3471
45000,28,28,SAAVEDRA,1607
790000,290,300,RETIRO,2724
85000,40,45,VILLA CRESPO,2125
59000,26,31,VILLA CRESPO,2269
270000,103,103,ALMAGRO,2621
230000,86,127,BELGRANO,2674
74000,49,50,VILLA GENERAL MITRE,1510
430000,220,238,BARRIO NORTE,1954
95000,53,53,VILLA DEL PARQUE,1792
999000,195,225,BELGRANO,5123
45000,32,32,BALVANERA,1406
132000,94,94,PALERMO,1404
47000,70,76,VILLA LUGANO,671
160000,60,70,VILLA GENERAL MITRE,2666
98500,40,42,ALMAGRO,2462
74000,44,46,SAN CRISTOBAL,1681
158000,65,71,SAN TELMO,2430
109000,41,44,VILLA DEVOTO,2658
105000,50,57,VILLA DEVOTO,2100
79600,38,42,PARQUE CHACABUCO,2094
449000,214,214,BARRIO NORTE,2098
179000,89,120,BARRIO NORTE,2011
159000,70,126,SAN TELMO,2271
97000,39,48,VILLA URQUIZA,2487
225000,62,92,RECOLETA,3629
550000,145,160,BELGRANO,3793
135000,60,72,MONTE CASTRO,2250
89900,52,52,CHACARITA,1728
69500,33,33,VILLA DEVOTO,2106
55000,33,33,CABALLITO,1666
249000,74,81,CABALLITO,3364
559000,154,172,PALERMO,3629
135000,38,42,PALERMO,3552
120000,43,46,ALMAGRO,2790
160000,65,71,VILLA PUEYRREDON,2461
230000,190,190,VILLA DEL PARQUE,1210
64900,30,30,CABALLITO,2163
104900,34,37,PALERMO,3085
79900,42,48,VILLA CRESPO,1902
89500,46,51,CABALLITO,1945
75000,60,65,FLORESTA,1250
139900,57,65,LINIERS,2454
109000,58,61,BALVANERA,1879
260000,121,121,RETIRO,2148
146000,42,57,NUÑEZ,3476
585000,127,138,NUÑEZ,4606
118000,47,47,BELGRANO,2510
149000,71,95,RECOLETA,2098
385000,62,68,PUERTO MADERO,6209
95000,56,60,VILLA CRESPO,1696
268000,78,87,VILLA CRESPO,3435
185000,104,112,CABALLITO,1778
110000,52,70,VILLA PUEYRREDON,2115
280000,100,100,RETIRO,2800
269800,66,79,BELGRANO,4087
129900,60,69,FLORESTA,2165
144800,50,60,BELGRANO,2896
129900,46,67,CABALLITO,2823
109900,49,49,VILLA DEVOTO,2242
160956,63,63,VILLA URQUIZA,2554
79000,44,47,VILLA DEL PARQUE,1795
129419,54,54,VILLA URQUIZA,2396
329000,116,151,RECOLETA,2836
65000,33,33,BELGRANO,1969
81900,35,35,PALERMO,2340
78600,38,49,CABALLITO,2068
459000,170,186,BARRIO NORTE,2700
360000,137,146,RECOLETA,2627
99900,50,58,VILLA URQUIZA,1998
143000,71,79,PARQUE CHACABUCO,2014
249000,105,136,VILLA URQUIZA,2371
120000,81,98,BOCA,1481
234900,80,95,PALERMO,2936
189000,75,84,PALERMO,2520
154000,82,82,BELGRANO,1878
177000,82,82,BELGRANO,2158
40000,54,54,BOCA,740
69000,48,48,SAN NICOLAS,1437
216000,61,64,BELGRANO,3540
145000,63,67,PALERMO,2301
79000,48,48,AGRONOMIA,1645
55000,33,33,POMPEYA,1666
310000,62,82,RECOLETA,5000
119500,45,65,BARRIO NORTE,2655
178000,82,82,ONCE,2170
195000,40,85,COLEGIALES,4875
85000,37,37,RECOLETA,2297
115000,54,58,FLORES,2129
154000,46,50,PALERMO,3347
130000,189,189,PARQUE PATRICIOS,687
96900,42,49,VILLA URQUIZA,2307
65000,30,30,PALERMO,2166
280000,72,90,VILLA URQUIZA,3888
90000,43,47,VILLA DEL PARQUE,2093
84000,46,54,CABALLITO,1826
550000,203,203,RECOLETA,2709
215000,82,102,VILLA CRESPO,2621
125000,45,53,FLORES,2777
68000,42,45,PARQUE AVELLANEDA,1619
99000,59,64,FLORES,1677
79000,53,63,MONSERRAT,1490
105000,47,55,SAAVEDRA,2234
60000,55,55,SAN NICOLAS,1090
309900,62,66,PUERTO MADERO,4998
85000,38,40,BALVANERA,2236
139000,53,67,NUÑEZ,2622
42000,32,32,SAN CRISTOBAL,1312
280000,85,106,PALERMO,3294
115000,32,35,PALERMO,3593
109000,31,34,NUÑEZ,3516
460000,77,108,PALERMO,5974
109800,46,49,BELGRANO,2386
364900,178,190,CABALLITO,2050
84000,49,57,FLORES,1714
109900,54,64,BOEDO,2035
160000,72,79,PALERMO,2222
920000,269,301,PALERMO,3420
315000,100,133,COLEGIALES,3150
72000,35,40,VILLA DEVOTO,2057
149000,59,82,PALERMO,2525
84000,47,47,PALERMO,1787
169000,68,95,CHACARITA,2485
150000,67,79,RECOLETA,2238
88000,39,39,NUÑEZ,2256
139300,42,45,VILLA URQUIZA,3316
257200,78,81,VILLA CRESPO,3297
2244881,253,287,PALERMO,8873
243114,78,81,VILLA CRESPO,3116
401275,96,113,VILLA CRESPO,4179
249900,89,99,CABALLITO,2807
190472,64,84,VILLA DEVOTO,2976
155000,48,51,BELGRANO,3229
221000,70,140,VILLA DEVOTO,3157
110000,38,44,PALERMO,2894
150000,53,68,VILLA DEL PARQUE,2830
50000,22,22,CABALLITO,2272
98500,50,55,MONTE CASTRO,1970
85000,43,46,MONTE CASTRO,1976
105000,62,102,MONSERRAT,1693
235000,148,152,CABALLITO,1587
205000,74,77,COGHLAN,2770
95000,52,102,LINIERS,1826
115000,47,50,VILLA CRESPO,2446
89000,38,41,VILLA URQUIZA,2342
170000,71,74,RECOLETA,2394
163500,47,97,PALERMO,3478
85000,47,50,PARQUE CHACABUCO,1808
260000,72,72,COLEGIALES,3611
114000,38,38,PALERMO,3000
55000,40,42,PARQUE AVELLANEDA,1375
157000,61,64,RECOLETA,2573
85000,62,65,FLORESTA,1370
230000,85,96,PALERMO,2705
100000,71,71,BALVANERA,1408
166500,46,51,PALERMO,3619
122000,39,39,BELGRANO,3128
270000,120,120,RECOLETA,2250
175000,48,57,PALERMO,3645
94900,33,43,CABALLITO,2875
174900,86,105,CABALLITO,2033
344900,106,131,NUÑEZ,3253
199000,62,84,VILLA DEVOTO,3209
186900,61,81,VILLA DEVOTO,3063
94000,39,45,VILLA REAL,2410
170000,64,76,VILLA DEVOTO,2656
321000,92,115,VILLA CRESPO,3489
209900,64,70,BELGRANO,3279
155000,59,62,BELGRANO,2627
89000,39,52,BELGRANO,2282
189000,77,90,BELGRANO,2454
195000,82,86,BELGRANO,2378
178000,64,72,VILLA URQUIZA,2781
110000,70,70,VILLA URQUIZA,1571
119900,73,80,ALMAGRO,1642
130000,52,56,CABALLITO,2500
169000,69,77,CABALLITO,2449
65000,33,37,CABALLITO,1969
62000,42,48,CONSTITUCION,1476
159000,72,77,RECOLETA,2208
215000,91,91,PALERMO,2362
104000,38,44,BELGRANO,2736
110000,51,57,VILLA URQUIZA,2156
37400,54,73,VILLA CRESPO,692
42930,28,32,VILLA CRESPO,1533
64000,42,42,VILLA ORTUZAR,1523
168000,50,59,VILLA DEL PARQUE,3360
85000,36,36,RECOLETA,2361
77000,30,31,PALERMO,2566
411000,110,120,BELGRANO,3736
67000,39,39,BOEDO,1717
200000,98,103,RECOLETA,2040
47000,35,37,BALVANERA,1342
270000,73,82,PALERMO,3698
51000,25,25,CABALLITO,2040
90000,32,71,BOEDO,2812
400000,139,156,BELGRANO,2877
259000,107,121,VILLA DEL PARQUE,2420
159000,62,66,PARQUE CHAS,2564
197900,62,65,COLEGIALES,3191
124000,41,58,PARQUE CHACABUCO,3024
110000,43,46,PALERMO,2558
100000,48,50,VILLA CRESPO,2083
60000,34,39,FLORES,1764
62000,53,69,FLORESTA,1169
145000,76,76,BELGRANO,1907
85000,34,37,SAAVEDRA,2500
150000,50,52,PALERMO,3000
240000,81,94,RECOLETA,2962
94000,36,42,PARQUE CENTENARIO,2611
57000,33,53,BALVANERA,1727
170000,79,82,BELGRANO,2151
85000,37,38,BELGRANO,2297
95000,64,64,RETIRO,1484
260000,91,91,RECOLETA,2857
115000,60,70,BALVANERA,1916
105000,44,50,VILLA PUEYRREDON,2386
115000,38,42,BELGRANO,3026
99000,40,43,NUÑEZ,2475
91990,35,38,VILLA URQUIZA,2628
79000,46,46,SAN NICOLAS,1717
215000,145,174,MONSERRAT,1482
225000,118,126,RECOLETA,1906
159900,64,68,VILLA DEL PARQUE,2498
235000,122,162,VILLA CRESPO,1926
59900,29,29,PALERMO,2065
110000,79,79,SAN CRISTOBAL,1392
80000,34,37,VILLA URQUIZA,2352
63000,76,81,POMPEYA,828
175000,48,51,PALERMO,3645
97100,48,58,PARQUE CHAS,2022
130000,78,78,VILLA CRESPO,1666
89000,43,46,BELGRANO,2069
89000,43,46,PALERMO,2069
235000,65,79,BELGRANO,3615
90000,34,38,MONSERRAT,2647
127900,46,49,CABALLITO,2780
60000,50,56,ONCE,1200
139000,60,63,PALERMO,2316
75000,37,42,BALVANERA,2027
134900,66,66,PALERMO,2043
210000,59,64,COLEGIALES,3559
175000,81,104,CABALLITO,2160
800000,162,215,RECOLETA,4938
390000,115,115,BELGRANO,3391
79900,44,44,VILLA URQUIZA,1815
175000,98,105,FLORESTA,1785
500000,116,125,BELGRANO,4310
650000,136,173,BELGRANO,4779
229000,90,93,PALERMO,2544
140000,45,50,BELGRANO,3111
55000,41,41,SAN TELMO,1341
89500,48,51,CABALLITO,1864
70000,75,81,POMPEYA,933
85000,38,40,BALVANERA,2236
117000,52,55,BELGRANO,2250
460000,100,110,BELGRANO,4600
129000,60,72,VILLA URQUIZA,2150
235000,107,112,RECOLETA,2196
68000,55,57,BALVANERA,1236
145000,78,78,NUÑEZ,1858
248000,82,90,NUÑEZ,3024
160000,68,74,PARQUE CHAS,2352
235000,100,115,BELGRANO,2350
140000,49,55,VILLA CRESPO,2857
84000,38,41,SAAVEDRA,2210
85500,40,45,VILLA SANTA RITA,2137
66000,47,47,SAN CRISTOBAL,1404
75000,35,37,ONCE,2142
89000,63,63,MONSERRAT,1412
89000,63,63,CENTRO / MICROCENTRO,1412
229500,64,80,BELGRANO,3585
85000,50,50,CABALLITO,1700
229500,64,80,PALERMO,3585
135000,53,56,VILLA CRESPO,2547
141500,48,55,COLEGIALES,2947
68000,45,49,BARRACAS,1511
357000,112,125,NUÑEZ,3187
180000,96,100,SAAVEDRA,1875
165000,65,74,VILLA URQUIZA,2538
380000,106,114,BELGRANO,3584
140000,63,70,PARQUE CHAS,2222
140000,63,70,VILLA ORTUZAR,2222
87000,43,47,CABALLITO,2023
125000,40,45,NUÑEZ,3125
120000,78,78,BALVANERA,1538
215000,98,98,RECOLETA,2193
365000,160,160,SAAVEDRA,2281
83000,40,42,PARQUE CHACABUCO,2075
60000,26,26,VILLA URQUIZA,2307
65000,26,26,VILLA URQUIZA,2500
255000,93,96,BELGRANO,2741
117000,57,61,VILLA PUEYRREDON,2052
135000,51,74,PALERMO,2647
120000,66,72,FLORES,1818
119900,55,59,PARQUE CHACABUCO,2180
110000,50,54,ALMAGRO,2200
56000,24,24,PALERMO,2333
110000,46,70,VILLA DEVOTO,2391
72500,29,46,MONTE CASTRO,2500
170000,67,197,MONTE CASTRO,2537
141000,40,47,RECOLETA,3525
470000,214,227,PALERMO,2196
145000,46,68,VILLA PUEYRREDON,3152
65000,45,45,SAAVEDRA,1444
90000,24,28,PALERMO,3750
155000,76,103,RECOLETA,2039
255000,108,108,RECOLETA,2361
74000,40,40,VILLA CRESPO,1850
118000,42,48,VILLA CRESPO,2809
220000,50,61,PALERMO,4400
180000,71,82,PALERMO,2535
370000,174,251,RECOLETA,2126
880000,245,245,BELGRANO,3591
89900,40,43,VILLA URQUIZA,2247
90000,33,33,SAN NICOLAS,2727
229000,120,130,VILLA CRESPO,1908
179000,76,91,VILLA CRESPO,2355
69500,31,36,RECOLETA,2241
150000,71,79,VILLA CRESPO,2112
85000,62,62,FLORESTA,1370
139000,51,55,MONSERRAT,2725
43000,28,32,VILLA CRESPO,1535
323000,76,76,PALERMO,4250
125000,64,67,RETIRO,1953
95000,32,35,PALERMO,2968
135000,51,51,PALERMO,2647
150000,44,50,COGHLAN,3409
129900,67,78,BOEDO,1938
76500,55,59,FLORES,1390
86227,57,65,PARQUE CHACABUCO,1512
79000,61,66,FLORES,1295
79000,51,51,BALVANERA,1549
70000,41,41,ALMAGRO,1707
820000,145,175,PALERMO,5655
390000,117,125,BELGRANO,3333
390000,122,132,BELGRANO,3196
260000,123,126,COLEGIALES,2113
67000,35,37,SAN CRISTOBAL,1914
147344,69,69,VILLA URQUIZA,2135
173092,67,67,VILLA URQUIZA,2583
157900,47,55,VILLA URQUIZA,3359
150000,61,66,VILLA URQUIZA,2459
142000,61,69,PALERMO,2327
240000,236,236,SAN CRISTOBAL,1016
129000,55,55,BELGRANO,2345
195000,51,56,PALERMO,3823
199000,56,72,PALERMO,3553
275000,86,99,BELGRANO,3197
465000,212,238,FLORESTA,2193
70000,36,39,VILLA CRESPO,1944
95000,36,36,PALERMO,2638
120000,60,60,CABALLITO,2000
155000,64,64,RECOLETA,2421
199000,82,82,COLEGIALES,2426
96000,40,43,COGHLAN,2400
98000,69,72,BARRACAS,1420
160000,51,56,VILLA URQUIZA,3137
123000,61,134,SAAVEDRA,2016
169000,41,47,BELGRANO,4121
550000,168,233,BELGRANO,3273
84000,45,53,FLORES,1866
385000,85,100,PUERTO MADERO,4529
89900,49,58,VILLA DEL PARQUE,1834
630000,242,275,BELGRANO,2603
39500,31,34,BOCA,1274
168000,49,52,PALERMO,3428
240000,66,70,PALERMO,3636
95000,56,65,VILLA CRESPO,1696
140000,62,62,RECOLETA,2258
269000,67,81,BELGRANO,4014
220000,166,166,VILLA DEVOTO,1325
100000,39,39,RECOLETA,2564
179500,84,84,PALERMO,2136
120000,214,214,ONCE,560
770000,211,230,PALERMO,3649
127000,48,52,VILLA LUGANO,2645
115000,38,40,ALMAGRO,3026
190000,56,89,BELGRANO,3392
189200,67,109,VILLA DEVOTO,2823
1190000,260,260,PALERMO,4576
119000,66,66,BALVANERA,1803
300000,95,105,PALERMO,3157
173000,49,55,BELGRANO,3530
158000,60,63,COLEGIALES,2633
1300000,180,180,PUERTO MADERO,7222
245000,67,71,COLEGIALES,3656
185000,78,78,CABALLITO,2371
120000,42,44,VILLA URQUIZA,2857
415000,145,145,BELGRANO,2862
115000,35,35,BELGRANO,3285
255000,72,72,BARRIO NORTE,3541
123000,56,56,FLORES,2196
400000,137,166,VILLA DEVOTO,2919
62000,36,36,SAN CRISTOBAL,1722
112000,58,58,VILLA CRESPO,1931
351066,80,115,RECOLETA,4388
145000,63,83,BARRIO NORTE,2301
165000,49,58,BARRIO NORTE,3367
128000,43,48,SAN TELMO,2976
99000,42,51,PALERMO,2357
310000,139,160,PALERMO,2230
120000,52,52,COGHLAN,2307
329000,102,112,RECOLETA,3225
599000,174,193,FLORES,3442
128000,40,44,PALERMO,3200
810000,199,209,PALERMO,4070
110000,46,55,PALERMO,2391
470000,98,98,PUERTO MADERO,4795
130000,42,69,BALVANERA,3095
355000,129,154,COGHLAN,2751
42000,47,47,FLORES,893
139000,52,58,RECOLETA,2673
275000,72,84,BELGRANO,3819
44900,43,45,CONSTITUCION,1044
125000,74,79,PARQUE AVELLANEDA,1689
199000,74,87,COGHLAN,2689
64000,30,60,CABALLITO,2133
169000,43,49,BELGRANO,3930
320000,144,150,BARRIO NORTE,2222
119000,50,50,BARRIO NORTE,2380
205000,77,82,PALERMO,2662
230000,88,96,BARRIO NORTE,2613
195000,77,77,BARRIO NORTE,2532
139000,60,69,PALERMO,2316
234000,73,79,VILLA CRESPO,3205
140000,51,56,VILLA URQUIZA,2745
140000,51,56,COGHLAN,2745
136000,61,68,VILLA URQUIZA,2229
160000,51,56,COGHLAN,3137
125000,44,54,RECOLETA,2840
85000,26,30,COLEGIALES,3269
110000,48,48,VILLA URQUIZA,2291
75000,50,51,MONSERRAT,1500
259000,55,55,PUERTO MADERO,4709
175000,32,32,RECOLETA,5468
90000,41,41,BELGRANO,2195
140000,44,52,BELGRANO,3181
78000,58,58,SAN CRISTOBAL,1344
78000,58,58,PARQUE PATRICIOS,1344
100000,45,52,SAN CRISTOBAL,2222
79000,33,46,BARRIO NORTE,2393
105000,37,41,PALERMO,2837
140000,51,56,BELGRANO,2745
98000,69,72,BOCA,1420
57000,38,38,PARQUE PATRICIOS,1500
180000,55,69,PALERMO,3272
560000,172,179,BARRIO NORTE,3255
160000,59,68,CABALLITO,2711
79000,34,35,PALERMO,2323
55000,22,22,CABALLITO,2500
152000,54,69,ABASTO,2814
399000,118,181,BELGRANO,3381
89000,61,61,VILLA PUEYRREDON,1459
279000,56,106,BARRIO NORTE,4982
435000,161,168,RECOLETA,2701
215000,34,60,PALERMO,6323
280000,54,83,RECOLETA,5185
150000,45,49,RECOLETA,3333
349000,147,187,RECOLETA,2374
230000,78,78,RECOLETA,2948
190000,64,64,PALERMO,2968
180000,83,83,RECOLETA,2168
65000,34,34,CABALLITO,1911
89000,30,32,BELGRANO,2966
149000,39,39,BELGRANO,3820
40000,30,32,LINIERS,1333
85000,38,41,PALERMO,2236
87500,27,33,PUERTO MADERO,3240
65000,31,33,BARRIO NORTE,2096
74000,48,49,VERSALLES,1541
180000,70,76,VILLA URQUIZA,2571
390000,70,70,PALERMO,5571
105000,58,63,FLORES,1810
300000,107,131,VILLA CRESPO,2803
124000,51,54,COGHLAN,2431
72000,40,40,SAN NICOLAS,1800
77000,40,42,CHACARITA,1925
84900,62,69,ALMAGRO,1369
170000,62,68,VILLA URQUIZA,2741
635000,120,120,PUERTO MADERO,5291
149000,90,90,ALMAGRO,1655
90000,59,59,SAN TELMO,1525
160000,63,70,VILLA CRESPO,2539
160000,72,72,AGRONOMIA,2222
140000,74,83,SAN CRISTOBAL,1891
75000,34,44,BALVANERA,2205
260000,90,102,ALMAGRO,2888
85000,52,52,ALMAGRO,1634
69000,29,34,PATERNAL,2379
149500,58,60,ALMAGRO,2577
190000,96,98,RETIRO,1979
225000,65,72,PALERMO,3461
93000,53,63,SAN CRISTOBAL,1754
98000,35,41,BELGRANO,2800
365000,122,122,BELGRANO,2991
89000,39,48,VILLA DEL PARQUE,2282
100000,53,53,FLORES,1886
133250,62,62,CABALLITO,2149
185650,72,72,CABALLITO,2578
225000,63,126,VILLA DEL PARQUE,3571
98000,45,45,FLORESTA,2177
175000,97,97,CABALLITO,1804
495000,190,190,VILLA DEVOTO,2605
120000,52,52,VILLA DEVOTO,2307
265000,80,80,PALERMO,3312
109000,50,50,VILLA DEL PARQUE,2180
82000,40,40,COLEGIALES,2050
215000,93,93,VILLA DEL PARQUE,2311
95000,39,39,VILLA DEVOTO,2435
89000,48,48,CABALLITO,1854
310000,100,100,VILLA DEL PARQUE,3100
200000,78,78,VILLA DEVOTO,2564
400000,61,67,PUERTO MADERO,6557
298000,160,160,RECOLETA,1862
282000,105,115,CABALLITO,2685
185000,70,80,FLORES,2642
138000,50,50,PALERMO,2760
99000,48,48,VILLA SANTA RITA,2062
230000,76,76,BELGRANO,3026
195000,128,128,VILLA PUEYRREDON,1523
450000,140,140,VILLA DEVOTO,3214
112000,47,47,MONTE CASTRO,2382
480000,140,140,COLEGIALES,3428
92000,48,48,VILLA SANTA RITA,1916
154000,61,61,VILLA DEVOTO,2524
200000,68,72,CABALLITO,2941
400000,160,168,RECOLETA,2500
600000,130,140,PALERMO,4615
65000,35,35,CABALLITO,1857
148000,58,58,PALERMO,2551
155000,53,58,PALERMO,2924
520000,132,144,PALERMO,3939
298000,74,78,NUÑEZ,4027
220000,82,90,BARRIO NORTE,2682
130000,68,73,RECOLETA,1911
130000,67,70,SAN NICOLAS,1940
126000,42,46,BELGRANO,3000
180000,44,48,VILLA CRESPO,4090
205000,74,88,PALERMO,2770
68000,38,43,BELGRANO,1789
67000,52,52,BARRACAS,1288
107000,42,42,CABALLITO,2547
250000,130,140,FLORES,1923
65000,31,40,RETIRO,2096
280000,130,130,RECOLETA,2153
220000,150,150,ALMAGRO,1466
110000,52,52,NUÑEZ,2115
150000,50,55,PALERMO,3000
108000,46,46,VILLA CRESPO,2347
120000,50,54,VILLA DEVOTO,2400
64000,40,44,BOCA,1600
78000,60,66,PARQUE PATRICIOS,1300
78000,60,66,SAN CRISTOBAL,1300
260000,75,100,BELGRANO,3466
250000,65,76,PALERMO,3846
369000,120,120,BELGRANO,3075
93000,44,44,MONTE CASTRO,2113
118000,44,44,MONTE CASTRO,2681
155000,43,46,PALERMO,3604
95000,36,42,SAAVEDRA,2638
140000,24,24,SAN NICOLAS,5833
179000,75,78,COLEGIALES,2386
107000,49,49,PALERMO,2183
189900,75,75,RECOLETA,2532
139000,79,86,PATERNAL,1759
100000,33,33,SAN TELMO,3030
155000,40,44,SAN TELMO,3875
418000,185,185,VILLA DEVOTO,2259
198000,69,69,PALERMO,2869
220000,45,49,RETIRO,4888
99500,37,41,ALMAGRO,2689
240000,84,90,PALERMO,2857
158000,54,63,BELGRANO,2925
160000,85,104,BARRIO NORTE,1882
101500,39,39,CABALLITO,2602
85000,36,44,VILLA DEL PARQUE,2361
49500,27,32,BELGRANO,1833
350000,83,83,PALERMO,4216
398000,152,168,RECOLETA,2618
200000,89,92,BARRIO NORTE,2247
120000,42,44,BELGRANO,2857
670000,111,145,PUERTO MADERO,6036
135000,65,65,BARRIO NORTE,2076
110000,39,43,VILLA URQUIZA,2820
66000,40,40,RECOLETA,1650
159000,105,105,BELGRANO,1514
66000,34,34,SAN NICOLAS,1941
265000,80,104,PALERMO,3312
240000,77,91,SAAVEDRA,3116
910000,185,185,PUERTO MADERO,4918
220000,79,79,NUÑEZ,2784
138000,58,58,VILLA CRESPO,2379
164000,56,70,PALERMO,2928
110000,62,62,CONGRESO,1774
98000,110,110,CONGRESO,890
131000,75,75,ALMAGRO,1746
1900000,400,400,BELGRANO,4750
220000,53,53,PUERTO MADERO,4150
133080,30,33,RETIRO,4436
185000,67,74,RECOLETA,2761
178000,56,60,BELGRANO,3178
135080,31,33,RETIRO,4357
1500000,400,400,BELGRANO,3750
204800,47,51,RETIRO,4357
248000,85,85,PALERMO,2917
248000,85,85,ONCE,2917
206280,48,51,RETIRO,4297
217000,96,96,BELGRANO,2260
297400,70,74,RETIRO,4248
750000,175,253,VILLA DEVOTO,4285
259000,115,123,BARRIO NORTE,2252
255000,95,104,BARRIO NORTE,2684
255000,95,104,RECOLETA,2684
109999,60,70,SAN CRISTOBAL,1833
84000,56,56,VILLA DEL PARQUE,1500
169000,103,103,BALVANERA,1640
53000,32,32,SAN CRISTOBAL,1656
104900,40,40,PALERMO,2622
54900,73,73,CONSTITUCION,752
81500,54,54,FLORES,1509
180000,70,70,BELGRANO,2571
279000,86,99,PARQUE CHACABUCO,3244
209000,73,83,CABALLITO,2863
598000,150,162,PALERMO,3986
590000,134,149,BELGRANO,4402
250000,95,100,PALERMO,2631
75000,50,50,VILLA CRESPO,1500
275000,71,119,NUÑEZ,3873
283000,85,145,PALERMO,3329
205000,70,70,NUÑEZ,2928
320000,102,115,VILLA URQUIZA,3137
1050000,251,251,BELGRANO,4183
598000,162,162,PALERMO,3691
325000,100,104,RECOLETA,3250
119000,45,50,BELGRANO,2644
670000,115,115,PALERMO,5826
85000,33,33,BARRIO NORTE,2575
200000,78,97,RECOLETA,2564
97000,65,65,VILLA URQUIZA,1492
160000,64,88,RECOLETA,2500
183000,58,58,PALERMO,3155
125000,47,50,PALERMO,2659
1500000,624,624,RECOLETA,2403
190000,67,74,BELGRANO,2835
120000,75,75,CABALLITO,1600
159000,52,67,SAAVEDRA,3057
197000,123,128,BARRIO NORTE,1601
117000,49,69,VILLA URQUIZA,2387
125000,60,64,PARQUE CHACABUCO,2083
106000,31,36,RECOLETA,3419
329000,164,172,PALERMO,2006
90000,30,33,CABALLITO,3000
97350,49,49,VILLA DEL PARQUE,1986
120900,53,59,ALMAGRO,2281
87000,34,47,COGHLAN,2558
59900,33,33,PATERNAL,1815
267000,105,105,PALERMO,2542
136900,71,79,BOEDO,1928
104900,55,63,ALMAGRO,1907
89000,44,44,CABALLITO,2022
65000,37,37,FLORES,1756
209000,110,110,BARRACAS,1900
98000,51,59,BALVANERA,1921
240000,82,82,RETIRO,2926
123000,60,77,CABALLITO,2050
124000,57,66,PALERMO,2175
148000,67,67,BARRIO NORTE,2208
147000,63,75,NUÑEZ,2333
129000,46,46,BELGRANO,2804
125000,84,89,ONCE,1488
125000,84,89,BALVANERA,1488
250000,68,68,SAN NICOLAS,3676
1700000,301,331,RECOLETA,5647
91000,36,43,PALERMO,2527
175000,70,80,BARRACAS,2500
120000,71,99,AGRONOMIA,1690
108000,42,42,VILLA CRESPO,2571
77000,40,40,VILLA DEVOTO,1925
139000,47,47,BELGRANO,2957
185000,60,65,PALERMO,3083
209000,93,97,ALMAGRO,2247
149000,44,50,PALERMO,3386
620000,165,165,NUÑEZ,3757
165000,82,88,BELGRANO,2012
322000,75,75,PALERMO,4293
99000,67,67,FLORES,1477
420000,97,97,PALERMO,4329
170000,68,75,VILLA LURO,2500
170000,68,75,LINIERS,2500
195000,63,63,ALMAGRO,3095
325000,171,171,CABALLITO,1900
103000,81,81,SAN CRISTOBAL,1271
103000,81,81,MONSERRAT,1271
88000,41,41,CABALLITO,2146
59000,24,28,NUÑEZ,2458
330000,115,115,SAAVEDRA,2869
225000,72,78,BELGRANO,3125
135000,38,43,PALERMO,3552
395000,310,326,RETIRO,1274
395000,100,105,BELGRANO,3950
135000,61,96,VILLA DEVOTO,2213
135000,74,74,COLEGIALES,1824
119900,30,60,BARRIO NORTE,3996
227000,64,64,VILLA CRESPO,3546
140000,49,49,CABALLITO,2857
110000,41,45,ALMAGRO,2682
1000000,290,320,BELGRANO,3448
2300000,350,350,PUERTO MADERO,6571
209000,68,81,VILLA PUEYRREDON,3073
395000,139,148,RECOLETA,2841
369000,150,186,ALMAGRO,2460
82000,37,45,SAAVEDRA,2216
162000,51,55,CABALLITO,3176
166000,51,55,CABALLITO,3254
178000,55,59,CABALLITO,3236
301397,70,74,CABALLITO,4305
208230,76,81,VILLA CRESPO,2739
151545,40,47,PALERMO,3788
195264,50,61,PALERMO,3905
86000,37,46,SAAVEDRA,2324
260000,75,125,SAAVEDRA,3466
215000,63,112,SAAVEDRA,3412
199000,60,106,SAAVEDRA,3316
93000,40,44,VILLA CRESPO,2325
230000,80,80,SAAVEDRA,2875
220000,80,80,ALMAGRO,2750
320000,111,111,PALERMO,2882
304000,100,100,CHACARITA,3040
130000,60,60,BARRIO NORTE,2166
90000,40,40,RECOLETA,2250
300000,110,110,RECOLETA,2727
130000,45,45,VILLA URQUIZA,2888
360000,138,138,RECOLETA,2608
195000,62,67,BELGRANO,3145
285000,96,102,BELGRANO,2968
240000,71,117,BELGRANO,3380
165000,61,63,BELGRANO,2704
750000,208,232,RECOLETA,3605
119000,36,48,PALERMO,3305
235000,79,79,PALERMO,2974
325000,49,60,BARRIO NORTE,6632
469000,174,174,RECOLETA,2695
116000,38,38,RECOLETA,3052
178000,79,79,RECOLETA,2253
385000,98,110,BELGRANO,3928
200000,55,62,BELGRANO,3636
1390000,266,266,PALERMO,5225
148000,34,34,RECOLETA,4352
315000,100,106,RECOLETA,3150
270000,78,84,BELGRANO,3461
430000,156,167,RECOLETA,2756
550000,167,232,PALERMO,3293
240000,100,110,RECOLETA,2400
115000,59,59,BELGRANO,1949
125000,40,46,RECOLETA,3125
280000,108,108,RECOLETA,2592
670000,164,166,RECOLETA,4085
330000,108,108,RECOLETA,3055
170000,70,76,ABASTO,2428
220000,92,92,RECOLETA,2391
115000,55,59,BELGRANO,2090
590000,205,205,VILLA DEVOTO,2878
100000,62,72,BOEDO,1612
159000,103,107,ONCE,1543
95000,45,46,VILLA DEVOTO,2111
748000,285,319,PALERMO,2624
500000,121,121,NUÑEZ,4132
185000,45,55,CABALLITO,4111
75000,35,39,VILLA LURO,2142
89500,43,47,VILLA PUEYRREDON,2081
790000,242,242,BELGRANO,3264
350000,80,80,PALERMO,4375
60000,40,40,BALVANERA,1500
550000,223,387,PALERMO,2466
128000,61,68,VILLA URQUIZA,2098
350000,100,315,FLORES,3500
102000,39,47,FLORES,2615
200000,62,71,PALERMO,3225
210000,92,92,PALERMO,2282
850000,299,317,RECOLETA,2842
245000,98,98,BELGRANO,2500
1800000,375,385,PALERMO,4800
1270000,212,221,PUERTO MADERO,5990
129000,80,135,FLORES,1612
239000,78,78,PALERMO,3064
135000,60,64,VILLA DEVOTO,2250
112000,52,57,COLEGIALES,2153
187500,66,72,NUÑEZ,2840
119000,63,63,CABALLITO,1888
135000,58,63,VILLA CRESPO,2327
320000,84,96,RECOLETA,3809
340000,84,95,BELGRANO,4047
185000,54,57,BELGRANO,3425
126000,70,70,PALERMO,1800
180000,60,70,VILLA URQUIZA,3000
196000,123,123,BARRIO NORTE,1593
1090000,308,508,RECOLETA,3538
73500,52,52,BALVANERA,1413
175000,60,66,PALERMO,2916
110000,49,51,CABALLITO,2244
145000,54,67,CABALLITO,2685
438000,172,200,PALERMO,2546
420000,187,187,BELGRANO,2245
138000,55,55,CABALLITO,2509
200000,67,67,VILLA URQUIZA,2985
125000,39,43,BELGRANO,3205
122000,51,51,PALERMO,2392
490000,200,200,RETIRO,2450
72000,48,52,PARQUE PATRICIOS,1500
73000,45,45,BOEDO,1622
1800000,483,483,RECOLETA,3726
145000,63,63,VILLA DEL PARQUE,2301
93410,36,38,CABALLITO,2594
495000,176,176,NUÑEZ,2812
68000,48,49,FLORES,1416
398000,129,140,RECOLETA,3085
116500,35,40,NUÑEZ,3328
250000,113,113,CABALLITO,2212
340000,175,214,CABALLITO,1942
84584,34,34,BELGRANO,2487
76000,43,43,CABALLITO,1767
136000,48,48,PALERMO,2833
159000,73,81,BARRIO NORTE,2178
79000,34,34,CHACARITA,2323
290000,97,119,VILLA URQUIZA,2989
165000,39,52,RECOLETA,4230
105000,38,38,COGHLAN,2763
82000,33,36,CABALLITO,2484
89000,41,45,COLEGIALES,2170
155000,85,91,BARRIO NORTE,1823
325000,59,69,PUERTO MADERO,5508
113000,36,42,COGHLAN,3138
154000,63,66,VILLA DEL PARQUE,2444
139000,49,54,BELGRANO,2836
99000,33,36,PALERMO,3000
173000,54,62,PALERMO,3203
95000,55,60,BARRACAS,1727
117000,44,44,MONTE CASTRO,2659
72000,31,34,ALMAGRO,2322
66000,35,35,CABALLITO,1885
119000,41,48,LINIERS,2902
2500000,255,276,PALERMO,9803
214900,71,96,BELGRANO,3026
105000,65,65,CABALLITO,1615
115000,75,75,COLEGIALES,1533
100000,45,45,VILLA URQUIZA,2222
190000,80,86,BELGRANO,2375
215000,63,63,ALMAGRO,3412
180000,69,76,PALERMO,2608
85000,26,30,BELGRANO,3269
298000,135,145,BELGRANO,2207
249000,85,89,SAAVEDRA,2929
75000,51,52,MONSERRAT,1470
79000,31,31,PALERMO,2548
87000,42,42,VILLA DEL PARQUE,2071
900000,200,225,PALERMO,4500
266000,140,184,CHACARITA,1900
100000,52,52,BARRIO NORTE,1923
355000,152,152,BARRIO NORTE,2335
120000,52,52,VILLA DEL PARQUE,2307
205000,66,86,VILLA DEVOTO,3106
120000,56,56,SAAVEDRA,2142
189000,93,93,BELGRANO,2032
790000,200,200,VILLA DEVOTO,3950
154000,70,70,MATADEROS,2200
295000,90,90,VILLA DEL PARQUE,3277
280000,90,90,VILLA DEL PARQUE,3111
262000,90,90,VILLA DEL PARQUE,2911
160000,85,85,VILLA SANTA RITA,1882
1020000,175,245,VILLA DEVOTO,5828
190000,82,82,VILLA DEVOTO,2317
140000,56,56,CABALLITO,2500
125000,42,42,VILLA DEVOTO,2976
590000,186,205,VILLA DEVOTO,3172
110000,56,56,CABALLITO,1964
700000,200,200,VILLA DEVOTO,3500
800000,180,180,VILLA DEVOTO,4444
101400,61,63,FLORES,1662
95000,31,34,PALERMO,3064
250000,57,57,RECOLETA,4385
580000,264,264,RECOLETA,2196
1660000,384,384,RECOLETA,4322
420000,139,148,RECOLETA,3021
550000,190,208,BELGRANO,2894
570000,193,204,RECOLETA,2953
190000,93,104,PALERMO,2043
290000,85,85,BELGRANO,3411
300000,77,86,RECOLETA,3896
199000,80,80,RETIRO,2487
1080000,214,230,PALERMO,5046
590000,192,210,RECOLETA,3072
250000,91,91,RECOLETA,2747
289000,93,93,RECOLETA,3107
400000,117,125,RECOLETA,3418
440000,180,192,CABALLITO,2444
119000,34,34,RECOLETA,3500
598000,244,244,SAN TELMO,2450
320000,107,107,RECOLETA,2990
350000,140,140,RECOLETA,2500
265000,123,132,PALERMO,2154
349900,104,116,COLEGIALES,3364
280000,142,142,PALERMO,1971
389000,229,229,ALMAGRO,1698
78500,35,35,NUÑEZ,2242
210000,78,78,BELGRANO,2692
39000,31,34,BOCA,1258
150000,45,51,BELGRANO,3333
170000,114,163,BARRACAS,1491
230000,68,68,NUÑEZ,3382
56000,30,30,COLEGIALES,1866
120000,47,47,PALERMO,2553
105000,38,38,RECOLETA,2763
370000,92,100,CABALLITO,4021
115000,36,38,VILLA URQUIZA,3194
185000,83,83,CABALLITO,2228
85000,41,42,ALMAGRO,2073
130000,77,86,FLORES,1688
138000,47,52,VILLA URQUIZA,2936
85000,35,41,CABALLITO,2428
149900,65,65,VILLA DEL PARQUE,2306
105000,60,64,ALMAGRO,1750
630000,120,134,PUERTO MADERO,5250
155000,57,57,BARRIO NORTE,2719
109000,32,37,PALERMO,3406
44000,26,26,CHACARITA,1692
240000,58,64,BELGRANO,4137
92000,39,43,RECOLETA,2358
129000,62,62,ALMAGRO,2080
94000,39,46,PARQUE CHACABUCO,2410
1050000,252,252,BELGRANO,4166
139000,94,100,BALVANERA,1478
2100000,187,257,PUERTO MADERO,11229
199000,72,79,PALERMO,2763
53000,27,43,ALMAGRO,1962
139000,37,52,PALERMO,3756
114000,40,47,VILLA URQUIZA,2850
96000,67,70,CABALLITO,1432
710000,240,346,VILLA DEVOTO,2958
165000,57,89,BELGRANO,2894
183000,63,65,ALMAGRO,2904
135000,55,74,VILLA URQUIZA,2454
229000,91,99,BELGRANO,2516
528000,135,265,PALERMO,3911
139000,50,53,VELEZ SARSFIELD,2780
79000,56,56,VILLA DEL PARQUE,1410
245000,94,102,BELGRANO,2606
68900,30,30,NUÑEZ,2296
178000,60,65,PALERMO,2966
215000,92,92,CABALLITO,2336
185000,86,86,COLEGIALES,2151
205000,70,70,BELGRANO,2928
2300000,400,400,PALERMO,5750
68000,37,39,BARRACAS,1837
895000,212,253,BELGRANO,4221
180000,70,70,NUÑEZ,2571
180000,70,70,COLEGIALES,2571
62000,40,46,CONSTITUCION,1550
178000,64,88,RECOLETA,2781
320000,122,125,RECOLETA,2622
170000,60,69,PALERMO,2833
198000,61,76,PALERMO,3245
990000,221,264,RECOLETA,4479
319000,104,115,RECOLETA,3067
890000,225,250,PALERMO,3955
494000,167,186,PALERMO,2958
239000,112,118,RECOLETA,2133
165000,88,92,SAN TELMO,1875
750000,180,180,PALERMO,4166
250000,100,110,RECOLETA,2500
200000,104,104,RECOLETA,1923
690000,253,280,RECOLETA,2727
200000,79,88,RECOLETA,2531
449000,126,136,PALERMO,3563
490000,226,226,RECOLETA,2168
350000,137,137,PALERMO,2554
440000,133,133,RECOLETA,3308
490000,172,172,RECOLETA,2848
68000,30,30,BARRIO NORTE,2266
250000,111,111,RECOLETA,2252
138000,40,61,RECOLETA,3450
250000,107,107,PALERMO,2336
280000,123,123,CABALLITO,2276
330000,86,96,RECOLETA,3837
198000,79,79,BELGRANO,2506
750000,180,180,RECOLETA,4166
210000,82,82,BARRIO NORTE,2560
395000,166,181,BELGRANO,2379
210000,64,64,RECOLETA,3281
600000,287,287,RECOLETA,2090
260000,97,97,PALERMO,2680
450000,217,237,FLORES,2073
270000,82,82,RECOLETA,3292
179000,71,81,BARRIO NORTE,2521
119000,71,77,BALVANERA,1676
350000,141,151,PALERMO,2482
100000,59,59,PALERMO,1694
170000,54,56,PALERMO,3148
640000,249,249,RECOLETA,2570
390000,93,93,RECOLETA,4193
590000,146,146,PALERMO,4041
130000,31,34,PALERMO,4193
398000,120,190,RECOLETA,3316
165000,57,64,PALERMO,2894
160000,63,69,BARRIO NORTE,2539
465000,103,152,RECOLETA,4514
190000,50,66,CABALLITO,3800
1300000,189,343,PALERMO,6878
177000,78,78,PALERMO,2269
340000,128,142,BARRIO NORTE,2656
260000,67,73,VILLA URQUIZA,3880
72000,41,41,RECOLETA,1756
348000,100,100,RECOLETA,3480
210000,74,74,RECOLETA,2837
850000,182,206,RECOLETA,4670
220000,85,91,RECOLETA,2588
420000,107,118,RECOLETA,3925
630000,95,107,PALERMO,6631
380000,139,151,PALERMO,2733
180000,64,94,CABALLITO,2812
159900,74,74,RECOLETA,2160
250000,104,122,FLORES,2403
69000,30,30,PALERMO,2300
52000,41,41,VILLA CRESPO,1268
167327,60,69,COLEGIALES,2788
230000,66,66,PALERMO,3484
110000,45,88,CONGRESO,2444
325723,104,146,COLEGIALES,3131
140000,55,79,SAN TELMO,2545
1750000,290,290,NUÑEZ,6034
65000,32,32,PATERNAL,2031
215000,68,79,PALERMO,3161
278000,145,145,CABALLITO,1917
98000,44,52,ALMAGRO,2227
127999,47,47,BELGRANO,2723
332000,120,135,PALERMO,2766
595000,328,328,RECOLETA,1814
93000,44,44,FLORESTA,2113
43000,37,39,BALVANERA,1162
78000,35,54,BALVANERA,2228
315000,64,118,NUÑEZ,4921
97000,37,43,VILLA DEL PARQUE,2621
138000,70,74,RECOLETA,1971
199000,52,59,PALERMO,3826
128000,50,55,PALERMO,2560
115000,67,67,VILLA DEL PARQUE,1716
820000,270,270,PALERMO,3037
580000,141,141,PALERMO,4113
115000,50,56,LINIERS,2300
70000,35,38,AGRONOMIA,2000
400000,85,114,PUERTO MADERO,4705
262000,114,131,MATADEROS,2298
260000,100,110,BELGRANO,2600
110000,39,46,VILLA URQUIZA,2820
170000,43,49,PALERMO,3953
192000,50,50,BARRIO NORTE,3840
179000,74,92,BARRIO NORTE,2418
405000,115,120,PALERMO,3521
155000,81,84,SAN TELMO,1913
106000,53,53,BARRIO NORTE,2000
218000,120,120,VILLA DEVOTO,1816
80000,38,40,BALVANERA,2105
170000,48,51,VILLA URQUIZA,3541
150000,44,101,SAN TELMO,3409
91000,47,47,RECOLETA,1936
148000,44,46,NUÑEZ,3363
93000,48,48,VILLA DEL PARQUE,1937
185000,67,67,COLEGIALES,2761
139500,48,48,BELGRANO,2906
210000,90,98,VILLA DEL PARQUE,2333
181000,71,71,SAAVEDRA,2549
480000,150,150,VILLA URQUIZA,3200
65000,40,40,BELGRANO,1625
189000,64,64,VILLA PUEYRREDON,2953
385000,122,122,BELGRANO,3155
420000,94,94,BELGRANO,4468
760000,84,92,PUERTO MADERO,9047
139000,49,49,BELGRANO,2836
280000,85,85,PALERMO,3294
135000,68,68,CABALLITO,1985
320000,111,111,VILLA CRESPO,2882
135000,44,46,CHACARITA,3068
130000,57,57,RECOLETA,2280
268000,93,93,VILLA URQUIZA,2881
550000,94,94,NUÑEZ,5851
270000,122,122,PALERMO,2213
103000,81,81,CONSTITUCION,1271
135000,50,50,CABALLITO,2700
51900,33,33,VILLA CRESPO,1572
330000,115,115,NUÑEZ,2869
252000,67,81,PALERMO,3761
59900,32,36,ABASTO,1871
197200,60,87,PALERMO,3286
399000,116,116,VILLA URQUIZA,3439
139000,39,40,VILLA URQUIZA,3564
185000,74,74,VILLA CRESPO,2500
137800,51,54,PALERMO,2701
107500,63,68,ALMAGRO,1706
439000,160,160,CABALLITO,2743
142000,44,47,PALERMO,3227
148000,119,136,BALVANERA,1243
195000,80,85,ALMAGRO,2437
2000000,275,275,PUERTO MADERO,7272
290000,100,104,PALERMO,2900
440000,150,156,RECOLETA,2933
355000,176,176,BARRIO NORTE,2017
470000,168,168,RECOLETA,2797
990000,308,510,PALERMO,3214
1050000,165,184,PALERMO,6363
600000,192,211,RECOLETA,3125
275000,84,93,RECOLETA,3273
580000,153,188,RECOLETA,3790
695000,146,146,RECOLETA,4760
790000,270,270,RECOLETA,2925
250000,81,81,PALERMO,3086
435000,146,157,RECOLETA,2979
345000,124,134,BARRIO NORTE,2782
210000,91,119,RETIRO,2307
1150000,278,278,RECOLETA,4136
750000,251,273,RETIRO,2988
470000,181,181,RECOLETA,2596
270000,91,96,RECOLETA,2967
790000,372,372,RECOLETA,2123
248000,64,64,PALERMO,3875
298000,102,102,BELGRANO,2921
215000,67,70,BARRIO NORTE,3208
86000,43,43,SAN NICOLAS,2000
310000,109,118,RECOLETA,2844
385000,95,109,BELGRANO,4052
165000,43,43,BELGRANO,3837
390000,123,143,BARRIO NORTE,3170
415000,161,174,PALERMO,2577
850000,250,265,RECOLETA,3400
790000,241,241,PALERMO,3278
180000,73,77,RECOLETA,2465
220000,97,97,VILLA URQUIZA,2268
85000,37,37,PALERMO,2297
1350000,236,274,PALERMO,5720
290000,88,111,RECOLETA,3295
580000,137,144,RECOLETA,4233
545000,229,229,RECOLETA,2379
240000,99,99,RECOLETA,2424
190000,75,75,RECOLETA,2533
240000,79,79,PALERMO,3037
179000,52,55,BARRIO NORTE,3442
250000,61,72,BELGRANO,4098
670000,191,204,RECOLETA,3507
198000,53,65,COGHLAN,3735
600000,198,217,BELGRANO,3030
450000,73,87,RECOLETA,6164
850000,286,286,RECOLETA,2972
127000,40,43,PALERMO,3175
248000,107,117,BELGRANO,2317
295000,103,121,RECOLETA,2864
156000,52,58,BARRIO NORTE,3000
156000,50,58,BARRIO NORTE,3120
197000,83,93,CABALLITO,2373
398000,205,215,RECOLETA,1941
350000,77,77,PALERMO,4545
195000,81,81,BARRIO NORTE,2407
540000,215,221,RECOLETA,2511
320000,98,98,RECOLETA,3265
290000,97,103,RECOLETA,2989
520000,163,163,PALERMO,3190
490000,277,298,BARRIO NORTE,1768
137500,47,50,PALERMO,2925
165000,62,71,BELGRANO,2661
159900,62,67,SAN TELMO,2579
90000,72,72,ALMAGRO,1250
299000,88,108,BELGRANO,3397
95000,34,40,CABALLITO,2794
100000,35,42,PALERMO,2857
150000,53,70,PALERMO,2830
119000,47,57,FLORES,2531
210000,78,78,RECOLETA,2692
285000,72,112,PALERMO,3958
250000,96,99,PALERMO,2604
148000,80,88,PATERNAL,1850
170000,97,102,VILLA CRESPO,1752
153000,72,81,VILLA ORTUZAR,2125
135000,60,60,RECOLETA,2250
79000,36,45,PALERMO,2194
90000,74,74,VILLA DEL PARQUE,1216
65000,35,44,BELGRANO,1857
315000,72,80,VILLA URQUIZA,4375
315000,72,80,BELGRANO,4375
69000,35,41,VILLA DEVOTO,1971
168000,90,90,RECOLETA,1866
199800,97,97,PALERMO,2059
120000,35,37,BELGRANO,3428
290000,130,141,PALERMO,2230
199800,53,57,PALERMO,3769
60000,43,43,FLORESTA,1395
110000,51,57,CABALLITO,2156
120000,43,48,VILLA DEL PARQUE,2790
200000,50,62,VILLA URQUIZA,4000
89900,59,60,FLORESTA,1523
119900,44,46,NUÑEZ,2725
130000,70,79,BARRIO NORTE,1857
195000,55,58,CABALLITO,3545
139000,75,75,SAN NICOLAS,1853
510000,184,184,BELGRANO,2771
125000,85,138,BALVANERA,1470
510000,184,184,PALERMO,2771
81500,51,51,SAN NICOLAS,1598
69500,57,64,ALMAGRO,1219
530000,166,182,PALERMO,3192
205000,78,81,BELGRANO,2628
900000,259,259,PALERMO,3474
550000,152,152,RECOLETA,3618
139000,70,70,PALERMO,1985
570000,192,208,RETIRO,2968
255000,126,130,RETIRO,2023
230000,87,87,RECOLETA,2643
165000,47,51,RECOLETA,3510
580000,191,216,RECOLETA,3036
550000,117,174,PALERMO,4700
98000,34,34,RECOLETA,2882
89000,35,35,CABALLITO,2542
240000,96,109,RECOLETA,2500
178000,78,78,PALERMO,2282
205000,83,83,BARRIO NORTE,2469
250000,71,88,RECOLETA,3521
150000,58,61,CABALLITO,2586
850000,209,237,BELGRANO,4066
950000,263,272,RECOLETA,3612
138000,51,62,PALERMO,2705
110000,29,29,RECOLETA,3793
298000,95,115,CABALLITO,3136
800000,215,418,RECOLETA,3720
490000,174,186,BELGRANO,2816
250000,92,92,BARRIO NORTE,2717
209000,72,73,RECOLETA,2902
160000,50,50,PALERMO,3200
350000,156,156,RECOLETA,2243
125000,41,43,RECOLETA,3048
185000,72,72,BARRIO NORTE,2569
350000,83,114,PALERMO,4216
235000,104,114,BARRIO NORTE,2259
240000,46,53,CABALLITO,5217
179900,83,90,CABALLITO,2167
150000,139,139,FLORES,1079
830000,264,286,BELGRANO,3143
390000,143,158,PALERMO,2727
120000,64,64,ALMAGRO,1875
483000,227,237,PALERMO,2127
165000,142,146,CABALLITO,1161
315000,120,140,VILLA SANTA RITA,2625
228000,80,90,ALMAGRO,2850
129900,74,77,CABALLITO,1755
410000,153,165,BELGRANO,2679
260000,97,97,BELGRANO,2680
179200,67,109,VILLA DEVOTO,2674
215000,40,45,PALERMO,5375
78000,53,53,BOCA,1471
360000,103,121,PALERMO,3495
155000,71,71,PALERMO,2183
250000,75,100,BELGRANO,3333
97000,41,41,BELGRANO,2365
360000,146,146,RECOLETA,2465
90000,42,42,VILLA URQUIZA,2142
240000,88,88,BELGRANO,2727
200000,68,86,PALERMO,2941
216000,74,83,BELGRANO,2918
195000,115,120,ALMAGRO,1695
258000,70,75,BELGRANO,3685
225000,87,104,NUÑEZ,2586
59900,33,37,VELEZ SARSFIELD,1815
178000,64,69,BARRIO NORTE,2781
163000,52,57,BELGRANO,3134
188000,39,39,PUERTO MADERO,4820
595000,105,120,PUERTO MADERO,5666
189000,40,47,BELGRANO,4725
68000,33,33,RECOLETA,2060
137000,39,45,PALERMO,3512
86000,59,62,BALVANERA,1457
495000,158,179,NUÑEZ,3132
275000,117,134,BELGRANO,2350
289000,152,160,CABALLITO,1901
78000,38,46,RETIRO,2052
188734,64,72,SAN TELMO,2948
259000,86,94,PALERMO,3011
249000,93,97,PALERMO,2677
360000,116,123,RETIRO,3103
299900,141,150,PALERMO,2126
395000,150,179,RECOLETA,2633
725000,206,220,PALERMO,3519
390000,66,73,PALERMO,5909
140000,86,90,BARRIO NORTE,1627
230000,72,72,BELGRANO,3194
550000,175,184,RECOLETA,3142
150000,58,68,COLEGIALES,2586
124900,76,76,FLORESTA,1643
114000,48,48,ALMAGRO,2375
145000,49,52,PALERMO,2959
175000,61,85,ALMAGRO,2868
39000,44,44,MATADEROS,886
229000,77,77,BELGRANO,2974
425000,153,153,PALERMO,2777
118000,57,49,ALMAGRO,2070
188000,51,57,COLEGIALES,3686
132000,75,75,BARRIO NORTE,1760
99900,43,50,SAAVEDRA,2323
105000,38,38,BELGRANO,2763
295000,65,68,BELGRANO,4538
89000,41,45,BELGRANO,2170
320000,97,117,COGHLAN,3298
88000,69,77,RETIRO,1275
165000,74,82,CABALLITO,2229
169000,60,60,BELGRANO,2816
270000,75,75,PALERMO,3600
175000,60,60,BELGRANO,2916
99000,45,45,PALERMO,2200
475000,109,121,PALERMO,4357
110000,60,63,FLORES,1833
490000,155,155,PALERMO,3161
270000,95,105,VILLA CRESPO,2842
450000,95,105,PALERMO,4736
55000,53,57,BOCA,1037
62000,30,30,ALMAGRO,2066
120000,90,98,TRIBUNALES,1333
139000,41,43,PALERMO,3390
185000,51,54,RECOLETA,3627
280000,101,101,COLEGIALES,2772
850000,209,237,BELGRANO,4066
240000,104,104,RETIRO,2307
580000,162,162,BARRIO NORTE,3580
135000,47,140,CONGRESO,2872
119900,56,56,RETIRO,2141
420000,129,140,RECOLETA,3255
2500000,344,455,PALERMO,7267
230000,75,85,CABALLITO,3066
92000,35,35,ALMAGRO,2628
84500,35,35,VILLA PUEYRREDON,2414
850000,225,248,BELGRANO,3777
180000,99,107,BELGRANO,1818
109990,41,41,BELGRANO,2682
118000,44,51,VILLA CRESPO,2681
215000,118,124,RECOLETA,1822
215000,81,81,BELGRANO,2654
125000,60,67,PALERMO,2083
49500,27,32,VILLA ORTUZAR,1833
125000,55,55,BELGRANO,2272
80000,40,40,RETIRO,2000
160000,85,104,PALERMO,1882
63000,40,43,ALMAGRO,1575
399000,102,112,BELGRANO,3911
115000,45,45,PALERMO,2555
169900,108,118,VILLA DEL PARQUE,1573
430000,155,155,CABALLITO,2774
320000,102,115,BELGRANO,3137
42000,40,40,BOEDO,1050
42000,40,40,ALMAGRO,1050
42000,40,40,CONGRESO,1050
133000,46,51,PALERMO,2891
289000,93,93,VILLA URQUIZA,3107
209000,68,76,CABALLITO,3073
89900,33,36,PALERMO,2724
52000,35,38,BALVANERA,1485
102000,41,45,PARQUE CHACABUCO,2487
90000,45,48,MONTE CASTRO,2000
90000,40,45,SAN TELMO,2250
320000,140,140,BELGRANO,2285
154000,58,65,VILLA URQUIZA,2655
125000,68,68,CHACARITA,1838
155000,65,65,BARRIO NORTE,2384
67000,43,43,ALMAGRO,1558
48000,28,28,BARRIO NORTE,1714
85000,42,44,BELGRANO,2023
138000,55,55,VILLA DEL PARQUE,2509
65000,37,37,BARRIO NORTE,1756
73000,59,59,BALVANERA,1237
118000,44,45,RECOLETA,2681
88000,40,40,VILLA URQUIZA,2200
205000,46,57,BELGRANO,4456
145000,70,82,PATERNAL,2071
245000,105,105,RECOLETA,2333
139000,57,61,BOEDO,2438
259900,61,93,PALERMO,4260
249000,97,97,VILLA URQUIZA,2567
74900,40,40,SAN NICOLAS,1872
231000,50,57,RECOLETA,4620
120000,45,83,VILLA DEVOTO,2666
65000,29,31,CABALLITO,2241
469000,100,138,RECOLETA,4690
425000,185,185,PALERMO,2297
109000,47,51,BELGRANO,2319
125000,36,44,RECOLETA,3472
140000,57,60,BELGRANO,2456
139000,77,80,CABALLITO,1805
399000,165,185,BELGRANO,2418
520000,137,155,PALERMO,3795
380000,176,187,RETIRO,2159
195000,65,70,RECOLETA,3000
280000,126,129,RECOLETA,2222
880000,548,548,RETIRO,1605
166000,52,78,PARQUE CHAS,3192
110000,49,51,ALMAGRO,2244
310000,134,134,BELGRANO,2313
205000,72,77,CABALLITO,2847
200000,73,73,VILLA URQUIZA,2739
199000,83,83,VILLA DEVOTO,2397
630000,137,137,PALERMO,4598
179000,75,75,PALERMO,2386
135000,50,53,CABALLITO,2700
88700,66,66,PARQUE AVELLANEDA,1343
159000,68,70,BELGRANO,2338
120000,65,70,VILLA DEL PARQUE,1846
135000,51,51,CABALLITO,2647
125000,45,48,VILLA URQUIZA,2777
149000,62,73,VILLA PUEYRREDON,2403
182000,87,91,CABALLITO,2091
44000,26,26,BOEDO,1692
75000,35,41,VILLA URQUIZA,2142
235000,75,80,BELGRANO,3133
400000,192,192,RECOLETA,2083
610000,257,267,RECOLETA,2373
155000,50,81,PATERNAL,3100
44800,31,31,VILLA DEL PARQUE,1445
125000,48,79,NUÑEZ,2604
98000,44,46,VILLA DEVOTO,2227
155000,68,68,VILLA DEL PARQUE,2279
259000,72,78,CABALLITO,3597
265000,130,135,BARRIO NORTE,2038
330000,94,94,RECOLETA,3510
140000,75,76,PALERMO,1866
790000,195,195,VILLA URQUIZA,4051
125000,48,53,PALERMO,2604
190000,70,70,BARRIO NORTE,2714
107000,48,48,PALERMO,2229
129000,45,55,RECOLETA,2866
130000,44,44,VILLA ORTUZAR,2954
165000,53,66,COGHLAN,3113
89000,52,55,BALVANERA,1711
66000,30,30,BARRIO NORTE,2200
93000,58,60,SAN TELMO,1603
118000,43,43,BELGRANO,2744
299000,135,169,BELGRANO,2214
179000,81,81,VILLA DEVOTO,2209
350000,67,90,BARRIO NORTE,5223
80000,39,39,BARRACAS,2051
95000,26,26,RECOLETA,3653
175000,52,82,PARQUE CHAS,3365
430000,172,172,RETIRO,2500
215000,41,51,PALERMO,5243
150000,50,53,VILLA CRESPO,3000
95000,52,52,CHACARITA,1826
150000,90,96,FLORES,1666
79000,35,35,COLEGIALES,2257
145000,48,50,RETIRO,3020
115000,40,40,RETIRO,2875
195000,58,62,VILLA URQUIZA,3362
163000,60,65,BELGRANO,2716
130000,55,55,SAN TELMO,2363
135000,54,68,PALERMO,2500
97000,48,73,SAN CRISTOBAL,2020
220000,56,76,PALERMO,3928
125000,47,54,COLEGIALES,2659
145000,63,73,CABALLITO,2301
265000,76,76,PALERMO,3486
440000,137,157,PALERMO,3211
89900,40,44,COLEGIALES,2247
198000,80,97,PALERMO,2475
180000,82,82,BELGRANO,2195
212400,80,80,BELGRANO,2655
98000,37,40,SAAVEDRA,2648
115000,51,51,RETIRO,2254
98500,58,58,RECOLETA,1698
110000,43,52,MONSERRAT,2558
99000,60,60,SAN NICOLAS,1650
69000,45,45,BALVANERA,1533
190000,55,58,CABALLITO,3454
79000,29,29,BARRIO NORTE,2724
112000,51,51,PALERMO,2196
240000,89,89,BELGRANO,2696
240000,89,89,PALERMO,2696
198000,65,105,BELGRANO,3046
158000,56,60,BARRACAS,2821
230000,107,117,BARRACAS,2149
344000,64,77,BELGRANO,5375
415000,144,152,RECOLETA,2881
125000,56,56,PARQUE CHACABUCO,2232
1400000,287,337,BELGRANO,4878
450000,67,77,PUERTO MADERO,6716
500000,206,206,PALERMO,2427
875000,165,165,PUERTO MADERO,5303
87000,58,58,MONSERRAT,1500
160000,49,61,VILLA URQUIZA,3265
215000,63,85,VILLA URQUIZA,3412
143000,47,53,BELGRANO,3042
120000,36,39,RECOLETA,3333
145000,67,75,CABALLITO,2164
132000,55,78,RECOLETA,2400
270000,122,125,RECOLETA,2213
113000,55,85,PARQUE CHAS,2054
118000,60,69,PARQUE CHAS,1966
890000,205,211,BELGRANO,4341
70000,35,42,ALMAGRO,2000
82000,38,43,BELGRANO,2157
85000,52,52,CABALLITO,1634
185000,53,66,VILLA URQUIZA,3490
165000,53,66,BELGRANO,3113
185000,53,66,COGHLAN,3490
165000,53,66,VILLA URQUIZA,3113
185000,53,66,BELGRANO,3490
146000,60,62,VILLA CRESPO,2433
175000,68,68,VILLA URQUIZA,2573
155000,57,81,BELGRANO,2719
204000,60,70,NUÑEZ,3400
350000,137,137,RECOLETA,2554
170000,56,56,ALMAGRO,3035
275000,86,86,BELGRANO,3197
175000,68,68,PALERMO,2573
112000,70,72,BOCA,1600
235000,95,105,PALERMO,2473
1200000,192,262,PALERMO,6250
118000,50,58,PALERMO,2360
240000,74,78,PALERMO,3243
149000,62,73,VILLA URQUIZA,2403
317550,88,108,PALERMO,3608
95000,45,48,NUÑEZ,2111
258000,88,102,BELGRANO,2931
395000,122,129,CABALLITO,3237
600000,184,184,BARRIO NORTE,3260
185000,61,61,CABALLITO,3032
255000,68,68,PALERMO,3750
58000,34,34,ONCE,1705
78000,42,42,BARRIO NORTE,1857
210000,59,111,BELGRANO,3559
190000,69,69,PALERMO,2753
260000,59,69,PALERMO,4406
119000,42,44,PALERMO,2833
280000,80,80,PALERMO,3500
108000,38,42,VILLA CRESPO,2842
83000,36,41,CABALLITO,2305
120000,48,51,PALERMO,2500
450000,130,150,CABALLITO,3461
249000,130,140,FLORES,1915
360000,152,152,PALERMO,2368
95000,50,68,VILLA ORTUZAR,1900
360000,128,136,RECOLETA,2812
130000,146,290,MONSERRAT,890
130000,146,290,SAN TELMO,890
175000,85,89,PALERMO,2058
310000,145,150,RETIRO,2137
350000,81,88,RECOLETA,4320
171000,66,66,BARRIO NORTE,2590
335000,97,107,BARRIO NORTE,3453
210000,75,132,SAN TELMO,2800
650000,128,135,BELGRANO,5078
73000,37,41,VILLA GENERAL MITRE,1972
95000,40,40,VILLA ORTUZAR,2375
159000,51,51,BARRIO NORTE,3117
135000,50,50,BARRIO NORTE,2700
225000,57,57,COLEGIALES,3947
358900,157,157,PALERMO,2285
169500,116,116,BALVANERA,1461
239000,68,77,PALERMO,3514
85000,62,62,ALMAGRO,1370
74900,37,37,CABALLITO,2024
185000,79,85,BARRIO NORTE,2341
155000,54,54,BELGRANO,2870
155000,54,54,NUÑEZ,2870
79000,40,40,BARRIO NORTE,1975
130000,62,62,RECOLETA,2096
160000,58,63,CABALLITO,2758
95000,54,54,CONGRESO,1759
485000,129,137,VILLA DEVOTO,3759
50000,34,34,BALVANERA,1470
97000,41,41,BELGRANO,2365
85000,43,43,BELGRANO,1976
121000,40,48,VILLA DEVOTO,3025
89000,32,32,VILLA URQUIZA,2781
55000,32,32,CABALLITO,1718
115000,50,50,CABALLITO,2300
800000,418,418,RECOLETA,1913
210000,134,134,BARRACAS,1567
199000,102,102,LINIERS,1950
104000,55,55,SAN CRISTOBAL,1890
85000,53,53,BALVANERA,1603
380000,135,137,RECOLETA,2814
150000,53,65,VILLA LURO,2830
180000,97,97,LINIERS,1855
172000,73,73,VILLA URQUIZA,2356
57000,50,50,PARQUE CHACABUCO,1140
90000,75,75,VILLA DEL PARQUE,1200
110000,45,45,BELGRANO,2444
490000,300,300,CONGRESO,1633
258500,165,165,BALVANERA,1566
188000,77,77,CENTRO / MICROCENTRO,2441
135000,46,46,PALERMO,2934
139000,72,72,BELGRANO,1930
119900,48,51,CABALLITO,2497
260000,79,134,VILLA DEVOTO,3291
48000,36,36,FLORES,1333
810878,426,426,CABALLITO,1903
120000,60,64,NUÑEZ,2000
235000,65,71,PALERMO,3615
95000,50,63,BARRACAS,1900
95000,36,36,PALERMO,2638
135000,43,49,PALERMO,3139
430000,136,157,PALERMO,3161
381000,162,162,PALERMO,2351
135000,76,76,PALERMO,1776
42900,28,32,VILLA CRESPO,1532
59475,38,42,VILLA CRESPO,1565
215000,88,98,VILLA URQUIZA,2443
54900,40,40,ALMAGRO,1372
155000,66,68,BARRACAS,2348
200000,70,77,BELGRANO,2857
150144,49,51,BELGRANO,3064
80543,35,35,VILLA URQUIZA,2301
305000,116,128,BELGRANO,2629
69500,42,42,CABALLITO,1654
150000,51,54,CABALLITO,2941
122000,37,43,NUÑEZ,3297
38380,47,54,CABALLITO,816
149900,73,73,CABALLITO,2053
64000,36,41,FLORES,1777
157208,62,62,VILLA URQUIZA,2535
89500,66,74,BALVANERA,1356
105000,49,49,BELGRANO,2142
49000,32,33,ALMAGRO,1531
280000,105,116,RECOLETA,2666
160000,71,79,PALERMO,2253
950000,160,179,PALERMO,5937
110000,62,70,ALMAGRO,1774
89000,37,64,VILLA GENERAL MITRE,2405
90000,50,50,VILLA URQUIZA,1800
89000,30,30,CABALLITO,2966
100000,52,54,ABASTO,1923
109000,40,48,NUÑEZ,2725
109500,41,41,PALERMO,2670
380000,138,138,PALERMO,2753
160000,80,83,PALERMO,2000
105000,41,45,BALVANERA,2560
164900,75,85,MONTE CASTRO,2198
190000,105,105,BARRIO NORTE,1809
137000,66,66,NUÑEZ,2075
79000,42,42,RECOLETA,1880
80000,42,44,VILLA CRESPO,1904
430000,107,278,BELGRANO,4018
91900,38,38,BARRIO NORTE,2418
215000,67,74,PARQUE CHACABUCO,3208
109000,55,60,BARRACAS,1981
155000,67,67,CABALLITO,2313
305000,100,107,COGHLAN,3050
95000,52,52,FLORES,1826
135000,44,49,SAAVEDRA,3068
89000,32,38,SAAVEDRA,2781
142000,41,47,PALERMO,3463
79000,42,42,BARRIO NORTE,1880
125000,40,45,PALERMO,3125
185000,77,95,VILLA DEL PARQUE,2402
205000,57,57,BELGRANO,3596
96000,29,37,PALERMO,3310
125000,32,48,PALERMO,3906
145000,45,61,VILLA URQUIZA,3222
149000,112,114,BALVANERA,1330
95000,45,50,VILLA CRESPO,2111
74900,31,34,VILLA CRESPO,2416
231400,62,66,PALERMO,3732
422400,101,174,VILLA CRESPO,4182
140000,63,72,PALERMO,2222
100000,53,63,VILLA URQUIZA,1886
299900,98,104,CABALLITO,3060
119900,44,47,BELGRANO,2725
110000,56,71,VELEZ SARSFIELD,1964
89000,50,55,BALVANERA,1780
399000,134,137,VILLA URQUIZA,2977
23440,21,21,MATADEROS,1116
160000,35,103,BARRIO NORTE,4571
425000,104,115,BELGRANO,4086
128500,40,40,VILLA DEL PARQUE,3212
135850,63,67,LINIERS,2156
159000,56,65,PALERMO,2839
65000,34,39,FLORES,1911
94000,64,64,BARRACAS,1468
450000,105,152,VILLA URQUIZA,4285
128000,49,64,VILLA URQUIZA,2612
83000,38,39,VILLA URQUIZA,2184
150000,45,46,NUÑEZ,3333
109900,44,49,SAAVEDRA,2497
87000,52,82,BALVANERA,1673
79900,75,75,BOEDO,1065
160000,114,120,MONSERRAT,1403
175000,53,60,BELGRANO,3301
66000,26,36,VILLA ORTUZAR,2538
124900,43,49,NUÑEZ,2904
198000,79,82,BELGRANO,2506
290000,83,166,COLEGIALES,3493
28940,38,46,VILLA CRESPO,761
33500,38,46,VILLA CRESPO,881
145000,42,46,PALERMO,3452
380000,267,267,RECOLETA,1423
119000,65,73,VILLA CRESPO,1830
115000,41,44,COLEGIALES,2804
420000,140,157,BELGRANO,3000
210000,89,95,PALERMO,2359
52490,34,36,BALVANERA,1543
87000,53,53,CABALLITO,1641
145000,47,52,VILLA URQUIZA,3085
73500,43,49,FLORES,1709
99000,40,43,NUÑEZ,2475
88000,43,47,VELEZ SARSFIELD,2046
279000,131,139,BARRIO NORTE,2129
279000,131,139,RECOLETA,2129
198000,148,199,ALMAGRO,1337
76900,35,38,ALMAGRO,2197
54000,33,35,ALMAGRO,1636
80000,42,48,VILLA CRESPO,1904
169500,71,80,RECOLETA,2387
65000,35,37,RECOLETA,1857
158900,60,67,CABALLITO,2648
149000,60,80,BELGRANO,2483
145000,106,182,VILLA SANTA RITA,1367
